[0.000000] (-) TimerEvent: {}
[0.001084] (orbslam2_pointcloud_ros2) JobQueued: {'identifier': 'orbslam2_pointcloud_ros2', 'dependencies': OrderedDict()}
[0.001414] (orbslam2_pointcloud_ros2) JobStarted: {'identifier': 'orbslam2_pointcloud_ros2'}
[0.032747] (orbslam2_pointcloud_ros2) JobProgress: {'identifier': 'orbslam2_pointcloud_ros2', 'progress': 'cmake'}
[0.033851] (orbslam2_pointcloud_ros2) Command: {'cmd': ['/usr/bin/cmake', '/home/jetson/ws/orb-slam2/code/ros2_orbslam2_pointcloud_map/src/orbslam2_pointcloud_ros2', '-DCMAKE_BUILD_TYPE=Release', '-DAMENT_CMAKE_SYMLINK_INSTALL=1', '-DCMAKE_INSTALL_PREFIX=/home/jetson/ws/orb-slam2/code/ros2_orbslam2_pointcloud_map/install/orbslam2_pointcloud_ros2'], 'cwd': '/home/jetson/ws/orb-slam2/code/ros2_orbslam2_pointcloud_map/build/orbslam2_pointcloud_ros2', 'env': OrderedDict([('LESSOPEN', '| /usr/bin/lesspipe %s'), ('CONDA_PROMPT_MODIFIER', ''), ('LANGUAGE', 'en_US:en'), ('USER', 'jetson'), ('LC_TIME', 'en_US.UTF-8'), ('JETSON_MODEL_NAME', 'JETSON_ORIN_NANO'), ('CAMERA_TYPE', 'astraplus'), ('XDG_SESSION_TYPE', 'x11'), ('SHLVL', '2'), ('LD_LIBRARY_PATH', '/home/jetson/yahboomcar_ros2_ws/software/library_ws/install/teb_local_planner/lib:/home/jetson/yahboomcar_ros2_ws/software/library_ws/install/teb_msgs/lib:/home/jetson/yahboomcar_ros2_ws/software/library_ws/install/robot_localization/lib:/home/jetson/yahboomcar_ros2_ws/software/library_ws/install/openslam_gmapping/lib:/home/jetson/yahboomcar_ros2_ws/software/library_ws/install/costmap_converter/lib:/home/jetson/yahboomcar_ros2_ws/software/library_ws/install/costmap_converter_msgs/lib:/home/jetson/yahboomcar_ros2_ws/software/library_ws/install/cartographer_rviz/lib:/home/jetson/yahboomcar_ros2_ws/software/library_ws/install/cartographer_ros/lib:/home/jetson/yahboomcar_ros2_ws/software/library_ws/install/cartographer_ros_msgs/lib:/home/jetson/yahboomcar_ros2_ws/software/library_ws/install/astra_camera/lib:/home/jetson/yahboomcar_ros2_ws/software/library_ws/install/astra_camera_msgs/lib:/home/jetson/yahboomcar_ros2_ws/yahboomcar_ws/install/yahboomcar_msgs/lib:/home/jetson/yahboomcar_ros2_ws/yahboomcar_ws/install/yahboom_web_savmap_interfaces/lib:/opt/ros/humble/opt/rviz_ogre_vendor/lib:/opt/ros/humble/lib/aarch64-linux-gnu:/opt/ros/humble/lib:/usr/local/lib:/usr/local/cuda-12.6/lib64:'), ('HOME', '/home/jetson'), ('CONDA_SHLVL', '0'), ('OLDPWD', '/home/jetson/ws/orb-slam2/code/ros2_orbslam2_pointcloud_map'), ('DESKTOP_SESSION', 'ubuntu'), ('JETSON_L4T', '36.4.3'), ('ROS_PYTHON_VERSION', '3'), ('GNOME_SHELL_SESSION_MODE', 'ubuntu'), ('GTK_MODULES', 'gail:atk-bridge'), ('JETSON_MODEL', 'NVIDIA Jetson Orin Nano Engineering Reference Developer Kit Super'), ('LC_MONETARY', 'en_US.UTF-8'), ('SYSTEMD_EXEC_PID', '2209'), ('DBUS_SESSION_BUS_ADDRESS', 'unix:path=/run/user/1000/bus'), ('COLORTERM', 'truecolor'), ('_CE_M', ''), ('_CONDA_ROOT', '/home/jetson/miniconda3'), ('ROBOT_TYPE', 'x3'), ('IM_CONFIG_PHASE', '1'), ('COLCON_PREFIX_PATH', '/home/jetson/ws/orb-slam2/code/ros2_orbslam2_pointcloud_map/install:/home/jetson/yahboomcar_ros2_ws/yahboomcar_ws/install:/home/jetson/yahboomcar_ros2_ws/software/library_ws/install'), ('ROS_DISTRO', 'humble'), ('GTK_IM_MODULE', 'ibus'), ('LOGNAME', 'jetson'), ('JETSON_MODULE', 'NVIDIA Jetson Orin Nano (8GB ram)'), ('JETSON_SERIAL_NUMBER', '1421725012488'), ('DESKTOP_AUTOSTART_ID', '10cb261b1fcc9e125b178400321861618900000022090016'), ('ORB_SLAM2_ROOT', '/home/jetson/ws/orb-slam2/code/main/ORBSLAM2_with_pointcloudmap_AstraPro-main/ORBSLAM2_with_pointcloud_map/'), ('_', '/usr/bin/colcon'), ('ROS_VERSION', '2'), ('PKG_CONFIG_PATH', '/home/jetson/yahboomcar_ros2_ws/software/library_ws/install/cartographer/lib/aarch64-linux-gnu/pkgconfig:/home/jetson/yahboomcar_ros2_ws/software/library_ws/install/cartographer/lib/pkgconfig'), ('XDG_SESSION_CLASS', 'user'), ('USERNAME', 'jetson'), ('TERM', 'xterm-256color'), ('GNOME_DESKTOP_SESSION_ID', 'this-is-deprecated'), ('_CE_CONDA', ''), ('ROS_LOCALHOST_ONLY', '0'), ('WINDOWPATH', '2'), ('PATH', '/home/jetson/miniconda3/condabin:/home/jetson/yahboomcar_ros2_ws/software/library_ws/install/costmap_converter/bin:/home/jetson/yahboomcar_ros2_ws/software/library_ws/install/cartographer/bin:/opt/ros/humble/bin:/usr/local/cuda-12.6/bin:/home/jetson/.local/bin:/usr/local/sbin:/usr/local/bin:/usr/sbin:/usr/bin:/sbin:/bin:/usr/games:/usr/local/games:/snap/bin:/snap/bin'), ('SESSION_MANAGER', 'local/bladewin:@/tmp/.ICE-unix/2209,unix/bladewin:/tmp/.ICE-unix/2209'), ('PAPERSIZE', 'letter'), ('XDG_MENU_PREFIX', 'gnome-'), ('LC_ADDRESS', 'en_US.UTF-8'), ('GNOME_TERMINAL_SCREEN', '/org/gnome/Terminal/screen/8ff36a06_8092_417d_894f_65604a1c3db6'), ('XDG_RUNTIME_DIR', '/run/user/1000'), ('DISPLAY', ':0'), ('LANG', 'en_US.UTF-8'), ('XDG_CURRENT_DESKTOP', 'ubuntu:GNOME'), ('LC_TELEPHONE', 'en_US.UTF-8'), ('XMODIFIERS', '@im=ibus'), ('XDG_SESSION_DESKTOP', 'ubuntu'), ('XAUTHORITY', '/run/user/1000/gdm/Xauthority'), ('LS_COLORS', 'rs=0:di=01;34:ln=01;36:mh=00:pi=40;33:so=01;35:do=01;35:bd=40;33;01:cd=40;33;01:or=40;31;01:mi=00:su=37;41:sg=30;43:ca=30;41:tw=30;42:ow=34;42:st=37;44:ex=01;32:*.tar=01;31:*.tgz=01;31:*.arc=01;31:*.arj=01;31:*.taz=01;31:*.lha=01;31:*.lz4=01;31:*.lzh=01;31:*.lzma=01;31:*.tlz=01;31:*.txz=01;31:*.tzo=01;31:*.t7z=01;31:*.zip=01;31:*.z=01;31:*.dz=01;31:*.gz=01;31:*.lrz=01;31:*.lz=01;31:*.lzo=01;31:*.xz=01;31:*.zst=01;31:*.tzst=01;31:*.bz2=01;31:*.bz=01;31:*.tbz=01;31:*.tbz2=01;31:*.tz=01;31:*.deb=01;31:*.rpm=01;31:*.jar=01;31:*.war=01;31:*.ear=01;31:*.sar=01;31:*.rar=01;31:*.alz=01;31:*.ace=01;31:*.zoo=01;31:*.cpio=01;31:*.7z=01;31:*.rz=01;31:*.cab=01;31:*.wim=01;31:*.swm=01;31:*.dwm=01;31:*.esd=01;31:*.jpg=01;35:*.jpeg=01;35:*.mjpg=01;35:*.mjpeg=01;35:*.gif=01;35:*.bmp=01;35:*.pbm=01;35:*.pgm=01;35:*.ppm=01;35:*.tga=01;35:*.xbm=01;35:*.xpm=01;35:*.tif=01;35:*.tiff=01;35:*.png=01;35:*.svg=01;35:*.svgz=01;35:*.mng=01;35:*.pcx=01;35:*.mov=01;35:*.mpg=01;35:*.mpeg=01;35:*.m2v=01;35:*.mkv=01;35:*.webm=01;35:*.webp=01;35:*.ogm=01;35:*.mp4=01;35:*.m4v=01;35:*.mp4v=01;35:*.vob=01;35:*.qt=01;35:*.nuv=01;35:*.wmv=01;35:*.asf=01;35:*.rm=01;35:*.rmvb=01;35:*.flc=01;35:*.avi=01;35:*.fli=01;35:*.flv=01;35:*.gl=01;35:*.dl=01;35:*.xcf=01;35:*.xwd=01;35:*.yuv=01;35:*.cgm=01;35:*.emf=01;35:*.ogv=01;35:*.ogx=01;35:*.aac=00;36:*.au=00;36:*.flac=00;36:*.m4a=00;36:*.mid=00;36:*.midi=00;36:*.mka=00;36:*.mp3=00;36:*.mpc=00;36:*.ogg=00;36:*.ra=00;36:*.wav=00;36:*.oga=00;36:*.opus=00;36:*.spx=00;36:*.xspf=00;36:'), ('JETSON_SOC', 'tegra234'), ('GNOME_TERMINAL_SERVICE', ':1.91'), ('SSH_AGENT_LAUNCHER', 'gnome-keyring'), ('SSH_AUTH_SOCK', '/run/user/1000/keyring/ssh'), ('ROS_DOMAIN_ID', '77'), ('AMENT_PREFIX_PATH', '/home/jetson/ws/orb-slam2/code/ros2_orbslam2_pointcloud_map/install/orbslam2_pointcloud_ros2:/home/jetson/yahboomcar_ros2_ws/software/library_ws/install/ydlidar_ros2_driver:/home/jetson/yahboomcar_ros2_ws/software/library_ws/install/web_video_server:/home/jetson/yahboomcar_ros2_ws/software/library_ws/install/teb_local_planner:/home/jetson/yahboomcar_ros2_ws/software/library_ws/install/teb_msgs:/home/jetson/yahboomcar_ros2_ws/software/library_ws/install/sllidar_ros2:/home/jetson/yahboomcar_ros2_ws/software/library_ws/install/slam_gmapping:/home/jetson/yahboomcar_ros2_ws/software/library_ws/install/robot_localization:/home/jetson/yahboomcar_ros2_ws/software/library_ws/install/openslam_gmapping:/home/jetson/yahboomcar_ros2_ws/software/library_ws/install/costmap_converter:/home/jetson/yahboomcar_ros2_ws/software/library_ws/install/costmap_converter_msgs:/home/jetson/yahboomcar_ros2_ws/software/library_ws/install/cartographer_rviz:/home/jetson/yahboomcar_ros2_ws/software/library_ws/install/cartographer_ros:/home/jetson/yahboomcar_ros2_ws/software/library_ws/install/cartographer_ros_msgs:/home/jetson/yahboomcar_ros2_ws/software/library_ws/install/astra_camera:/home/jetson/yahboomcar_ros2_ws/software/library_ws/install/astra_camera_msgs:/home/jetson/yahboomcar_ros2_ws/yahboomcar_ws/install/yahboomcar_voice_ctrl:/home/jetson/yahboomcar_ros2_ws/yahboomcar_ws/install/yahboomcar_visual:/home/jetson/yahboomcar_ros2_ws/yahboomcar_ws/install/yahboomcar_slam:/home/jetson/yahboomcar_ros2_ws/yahboomcar_ws/install/yahboomcar_rviz:/home/jetson/yahboomcar_ros2_ws/yahboomcar_ws/install/yahboomcar_point:/home/jetson/yahboomcar_ros2_ws/yahboomcar_ws/install/yahboomcar_nav:/home/jetson/yahboomcar_ros2_ws/yahboomcar_ws/install/yahboomcar_multi:/home/jetson/yahboomcar_ros2_ws/yahboomcar_ws/install/yahboomcar_msgs:/home/jetson/yahboomcar_ros2_ws/yahboomcar_ws/install/yahboomcar_mediapipe:/home/jetson/yahboomcar_ros2_ws/yahboomcar_ws/install/yahboomcar_linefollow:/home/jetson/yahboomcar_ros2_ws/yahboomcar_ws/install/yahboomcar_laser:/home/jetson/yahboomcar_ros2_ws/yahboomcar_ws/install/yahboomcar_description_x1:/home/jetson/yahboomcar_ros2_ws/yahboomcar_ws/install/yahboomcar_description:/home/jetson/yahboomcar_ros2_ws/yahboomcar_ws/install/yahboomcar_ctrl:/home/jetson/yahboomcar_ros2_ws/yahboomcar_ws/install/yahboomcar_bringup:/home/jetson/yahboomcar_ros2_ws/yahboomcar_ws/install/yahboomcar_base_node:/home/jetson/yahboomcar_ros2_ws/yahboomcar_ws/install/yahboomcar_astra:/home/jetson/yahboomcar_ros2_ws/yahboomcar_ws/install/yahboomcar_KCFTracker:/home/jetson/yahboomcar_ros2_ws/yahboomcar_ws/install/yahboom_web_savmap_interfaces:/home/jetson/yahboomcar_ros2_ws/yahboomcar_ws/install/yahboom_app_save_map:/home/jetson/yahboomcar_ros2_ws/yahboomcar_ws/install/robot_pose_publisher_ros2:/home/jetson/yahboomcar_ros2_ws/yahboomcar_ws/install/laserscan_to_point_pulisher:/opt/ros/humble'), ('CONDA_PYTHON_EXE', '/home/jetson/miniconda3/bin/python'), ('SHELL', '/bin/bash'), ('LC_NAME', 'en_US.UTF-8'), ('QT_ACCESSIBILITY', '1'), ('GDMSESSION', 'ubuntu'), ('LESSCLOSE', '/usr/bin/lesspipe %s %s'), ('CONDA_DEFAULT_ENV', ''), ('LC_MEASUREMENT', 'en_US.UTF-8'), ('GPG_AGENT_INFO', '/run/user/1000/gnupg/S.gpg-agent:0:1'), ('_CONDA_EXE', '/home/jetson/miniconda3/bin/conda'), ('LC_IDENTIFICATION', 'en_US.UTF-8'), ('QT_IM_MODULE', 'ibus'), ('RPLIDAR_TYPE', 'a1'), ('JETSON_CUDA_ARCH_BIN', '8.7'), ('PWD', '/home/jetson/ws/orb-slam2/code/ros2_orbslam2_pointcloud_map/build/orbslam2_pointcloud_ros2'), ('XDG_CONFIG_DIRS', '/etc/xdg/xdg-ubuntu:/etc/xdg'), ('CONDA_EXE', '/home/jetson/miniconda3/bin/conda'), ('XDG_DATA_DIRS', '/usr/share/ubuntu:/usr/share/gnome:/usr/local/share/:/usr/share/:/var/lib/snapd/desktop'), ('PYTHONPATH', '/home/jetson/yahboomcar_ros2_ws/software/library_ws/install/teb_msgs/local/lib/python3.10/dist-packages:/home/jetson/yahboomcar_ros2_ws/software/library_ws/install/robot_localization/local/lib/python3.10/dist-packages:/home/jetson/yahboomcar_ros2_ws/software/library_ws/install/costmap_converter_msgs/local/lib/python3.10/dist-packages:/home/jetson/yahboomcar_ros2_ws/software/library_ws/install/cartographer_ros_msgs/local/lib/python3.10/dist-packages:/home/jetson/yahboomcar_ros2_ws/software/library_ws/install/astra_camera_msgs/local/lib/python3.10/dist-packages:/home/jetson/yahboomcar_ros2_ws/yahboomcar_ws/install/yahboomcar_voice_ctrl/lib/python3.10/site-packages:/home/jetson/yahboomcar_ros2_ws/yahboomcar_ws/install/yahboomcar_visual/lib/python3.10/site-packages:/home/jetson/yahboomcar_ros2_ws/yahboomcar_ws/install/yahboomcar_rviz/lib/python3.10/site-packages:/home/jetson/yahboomcar_ros2_ws/yahboomcar_ws/install/yahboomcar_nav/lib/python3.10/site-packages:/home/jetson/yahboomcar_ros2_ws/yahboomcar_ws/install/yahboomcar_multi/lib/python3.10/site-packages:/home/jetson/yahboomcar_ros2_ws/yahboomcar_ws/install/yahboomcar_msgs/local/lib/python3.10/dist-packages:/home/jetson/yahboomcar_ros2_ws/yahboomcar_ws/install/yahboomcar_mediapipe/lib/python3.10/site-packages:/home/jetson/yahboomcar_ros2_ws/yahboomcar_ws/install/yahboomcar_linefollow/lib/python3.10/site-packages:/home/jetson/yahboomcar_ros2_ws/yahboomcar_ws/install/yahboomcar_laser/lib/python3.10/site-packages:/home/jetson/yahboomcar_ros2_ws/yahboomcar_ws/install/yahboomcar_description_x1/lib/python3.10/site-packages:/home/jetson/yahboomcar_ros2_ws/yahboomcar_ws/install/yahboomcar_description/lib/python3.10/site-packages:/home/jetson/yahboomcar_ros2_ws/yahboomcar_ws/install/yahboomcar_ctrl/lib/python3.10/site-packages:/home/jetson/yahboomcar_ros2_ws/yahboomcar_ws/install/yahboomcar_bringup/lib/python3.10/site-packages:/home/jetson/yahboomcar_ros2_ws/yahboomcar_ws/install/yahboomcar_astra/lib/python3.10/site-packages:/home/jetson/yahboomcar_ros2_ws/yahboomcar_ws/install/yahboom_web_savmap_interfaces/local/lib/python3.10/dist-packages:/home/jetson/yahboomcar_ros2_ws/yahboomcar_ws/install/yahboom_app_save_map/lib/python3.10/site-packages:/home/jetson/yahboomcar_ros2_ws/yahboomcar_ws/install/laserscan_to_point_pulisher/lib/python3.10/site-packages:/opt/ros/humble/lib/python3.10/site-packages:/opt/ros/humble/local/lib/python3.10/dist-packages:/usr/local/lib/python3.10/site-packages/:'), ('LC_NUMERIC', 'en_US.UTF-8'), ('CONDA_PREFIX', ''), ('LC_PAPER', 'en_US.UTF-8'), ('COLCON', '1'), ('VTE_VERSION', '6800'), ('JETSON_JETPACK', '6.2'), ('CMAKE_PREFIX_PATH', '/home/jetson/ws/orb-slam2/code/ros2_orbslam2_pointcloud_map/install/orbslam2_pointcloud_ros2:/home/jetson/yahboomcar_ros2_ws/software/library_ws/install/ydlidar_ros2_driver:/home/jetson/yahboomcar_ros2_ws/software/library_ws/install/web_video_server:/home/jetson/yahboomcar_ros2_ws/software/library_ws/install/teb_local_planner:/home/jetson/yahboomcar_ros2_ws/software/library_ws/install/teb_msgs:/home/jetson/yahboomcar_ros2_ws/software/library_ws/install/sllidar_ros2:/home/jetson/yahboomcar_ros2_ws/software/library_ws/install/slam_gmapping:/home/jetson/yahboomcar_ros2_ws/software/library_ws/install/robot_localization:/home/jetson/yahboomcar_ros2_ws/software/library_ws/install/openslam_gmapping:/home/jetson/yahboomcar_ros2_ws/software/library_ws/install/costmap_converter:/home/jetson/yahboomcar_ros2_ws/software/library_ws/install/costmap_converter_msgs:/home/jetson/yahboomcar_ros2_ws/software/library_ws/install/cartographer_rviz:/home/jetson/yahboomcar_ros2_ws/software/library_ws/install/cartographer_ros:/home/jetson/yahboomcar_ros2_ws/software/library_ws/install/cartographer_ros_msgs:/home/jetson/yahboomcar_ros2_ws/software/library_ws/install/cartographer:/home/jetson/yahboomcar_ros2_ws/software/library_ws/install/astra_camera:/home/jetson/yahboomcar_ros2_ws/software/library_ws/install/astra_camera_msgs:/home/jetson/yahboomcar_ros2_ws/yahboomcar_ws/install/yahboomcar_slam:/home/jetson/yahboomcar_ros2_ws/yahboomcar_ws/install/yahboomcar_point:/home/jetson/yahboomcar_ros2_ws/yahboomcar_ws/install/yahboomcar_msgs:/home/jetson/yahboomcar_ros2_ws/yahboomcar_ws/install/yahboomcar_base_node:/home/jetson/yahboomcar_ros2_ws/yahboomcar_ws/install/yahboomcar_KCFTracker:/home/jetson/yahboomcar_ros2_ws/yahboomcar_ws/install/yahboom_web_savmap_interfaces:/home/jetson/yahboomcar_ros2_ws/yahboomcar_ws/install/robot_pose_publisher_ros2:/home/jetson/yahboomcar_ros2_ws/yahboomcar_ws/install/yahboomcar_voice_ctrl:/home/jetson/yahboomcar_ros2_ws/yahboomcar_ws/install/yahboomcar_visual:/home/jetson/yahboomcar_ros2_ws/yahboomcar_ws/install/yahboomcar_rviz:/home/jetson/yahboomcar_ros2_ws/yahboomcar_ws/install/yahboomcar_nav:/home/jetson/yahboomcar_ros2_ws/yahboomcar_ws/install/yahboomcar_multi:/home/jetson/yahboomcar_ros2_ws/yahboomcar_ws/install/yahboomcar_mediapipe:/home/jetson/yahboomcar_ros2_ws/yahboomcar_ws/install/yahboomcar_linefollow:/home/jetson/yahboomcar_ros2_ws/yahboomcar_ws/install/yahboomcar_laser:/home/jetson/yahboomcar_ros2_ws/yahboomcar_ws/install/yahboomcar_description_x1:/home/jetson/yahboomcar_ros2_ws/yahboomcar_ws/install/yahboomcar_description:/home/jetson/yahboomcar_ros2_ws/yahboomcar_ws/install/yahboomcar_ctrl:/home/jetson/yahboomcar_ros2_ws/yahboomcar_ws/install/yahboomcar_bringup:/home/jetson/yahboomcar_ros2_ws/yahboomcar_ws/install/yahboomcar_astra:/home/jetson/yahboomcar_ros2_ws/yahboomcar_ws/install/yahboom_app_save_map:/home/jetson/yahboomcar_ros2_ws/yahboomcar_ws/install/laserscan_to_point_pulisher:/opt/ros/humble'), ('JETSON_P_NUMBER', 'p3767-0003')]), 'shell': False}
[0.099419] (-) TimerEvent: {}
[0.200316] (-) TimerEvent: {}
[0.261449] (orbslam2_pointcloud_ros2) StdoutLine: {'line': b'-- The C compiler identification is GNU 11.4.0\n'}
[0.300496] (-) TimerEvent: {}
[0.398455] (orbslam2_pointcloud_ros2) StdoutLine: {'line': b'-- The CXX compiler identification is GNU 11.4.0\n'}
[0.400658] (-) TimerEvent: {}
[0.427045] (orbslam2_pointcloud_ros2) StdoutLine: {'line': b'-- Detecting C compiler ABI info\n'}
[0.500991] (-) TimerEvent: {}
[0.602047] (-) TimerEvent: {}
[0.616728] (orbslam2_pointcloud_ros2) StdoutLine: {'line': b'-- Detecting C compiler ABI info - done\n'}
[0.630520] (orbslam2_pointcloud_ros2) StdoutLine: {'line': b'-- Check for working C compiler: /usr/bin/cc - skipped\n'}
[0.631831] (orbslam2_pointcloud_ros2) StdoutLine: {'line': b'-- Detecting C compile features\n'}
[0.633538] (orbslam2_pointcloud_ros2) StdoutLine: {'line': b'-- Detecting C compile features - done\n'}
[0.643129] (orbslam2_pointcloud_ros2) StdoutLine: {'line': b'-- Detecting CXX compiler ABI info\n'}
[0.702236] (-) TimerEvent: {}
[0.803061] (-) TimerEvent: {}
[0.847912] (orbslam2_pointcloud_ros2) StdoutLine: {'line': b'-- Detecting CXX compiler ABI info - done\n'}
[0.861538] (orbslam2_pointcloud_ros2) StdoutLine: {'line': b'-- Check for working CXX compiler: /usr/bin/c++ - skipped\n'}
[0.862163] (orbslam2_pointcloud_ros2) StdoutLine: {'line': b'-- Detecting CXX compile features\n'}
[0.863067] (orbslam2_pointcloud_ros2) StdoutLine: {'line': b'-- Detecting CXX compile features - done\n'}
[0.885410] (orbslam2_pointcloud_ros2) StdoutLine: {'line': b'-- Found ament_cmake: 1.3.11 (/opt/ros/humble/share/ament_cmake/cmake)\n'}
[0.903244] (-) TimerEvent: {}
[1.003875] (-) TimerEvent: {}
[1.104484] (-) TimerEvent: {}
[1.205112] (-) TimerEvent: {}
[1.305763] (-) TimerEvent: {}
[1.406339] (-) TimerEvent: {}
[1.506982] (-) TimerEvent: {}
[1.607609] (-) TimerEvent: {}
[1.708177] (-) TimerEvent: {}
[1.808755] (-) TimerEvent: {}
[1.880606] (orbslam2_pointcloud_ros2) StdoutLine: {'line': b'-- Found Python3: /usr/bin/python3 (found version "3.10.12") found components: Interpreter \n'}
[1.908986] (-) TimerEvent: {}
[2.009846] (-) TimerEvent: {}
[2.078084] (orbslam2_pointcloud_ros2) StdoutLine: {'line': b'-- Override CMake install command with custom implementation using symlinks instead of copying resources\n'}
[2.110161] (-) TimerEvent: {}
[2.211109] (-) TimerEvent: {}
[2.265045] (orbslam2_pointcloud_ros2) StdoutLine: {'line': b'-- Found rclcpp: 16.0.11 (/opt/ros/humble/share/rclcpp/cmake)\n'}
[2.311279] (-) TimerEvent: {}
[2.411911] (-) TimerEvent: {}
[2.449722] (orbslam2_pointcloud_ros2) StdoutLine: {'line': b'-- Found rosidl_generator_c: 3.1.6 (/opt/ros/humble/share/rosidl_generator_c/cmake)\n'}
[2.474341] (orbslam2_pointcloud_ros2) StdoutLine: {'line': b'-- Found rosidl_adapter: 3.1.6 (/opt/ros/humble/share/rosidl_adapter/cmake)\n'}
[2.509618] (orbslam2_pointcloud_ros2) StdoutLine: {'line': b'-- Found rosidl_generator_cpp: 3.1.6 (/opt/ros/humble/share/rosidl_generator_cpp/cmake)\n'}
[2.511961] (-) TimerEvent: {}
[2.564173] (orbslam2_pointcloud_ros2) StdoutLine: {'line': b'-- Using all available rosidl_typesupport_c: rosidl_typesupport_fastrtps_c;rosidl_typesupport_introspection_c\n'}
[2.612170] (-) TimerEvent: {}
[2.628629] (orbslam2_pointcloud_ros2) StdoutLine: {'line': b'-- Using all available rosidl_typesupport_cpp: rosidl_typesupport_fastrtps_cpp;rosidl_typesupport_introspection_cpp\n'}
[2.712349] (-) TimerEvent: {}
[2.812440] (orbslam2_pointcloud_ros2) StdoutLine: {'line': b'-- Found rmw_implementation_cmake: 6.1.2 (/opt/ros/humble/share/rmw_implementation_cmake/cmake)\n'}
[2.812903] (-) TimerEvent: {}
[2.828670] (orbslam2_pointcloud_ros2) StdoutLine: {'line': b'-- Found rmw_fastrtps_cpp: 6.2.7 (/opt/ros/humble/share/rmw_fastrtps_cpp/cmake)\n'}
[2.913104] (-) TimerEvent: {}
[3.013874] (-) TimerEvent: {}
[3.106352] (orbslam2_pointcloud_ros2) StdoutLine: {'line': b'-- Found OpenSSL: /usr/lib/aarch64-linux-gnu/libcrypto.so (found version "3.0.2")  \n'}
[3.113966] (-) TimerEvent: {}
[3.186031] (orbslam2_pointcloud_ros2) StdoutLine: {'line': b'-- Found FastRTPS: /opt/ros/humble/include  \n'}
[3.214151] (-) TimerEvent: {}
[3.278969] (orbslam2_pointcloud_ros2) StdoutLine: {'line': b"-- Using RMW implementation 'rmw_fastrtps_cpp' as default\n"}
[3.314317] (-) TimerEvent: {}
[3.319546] (orbslam2_pointcloud_ros2) StdoutLine: {'line': b'-- Looking for pthread.h\n'}
[3.414914] (-) TimerEvent: {}
[3.506229] (orbslam2_pointcloud_ros2) StdoutLine: {'line': b'-- Looking for pthread.h - found\n'}
[3.507266] (orbslam2_pointcloud_ros2) StdoutLine: {'line': b'-- Performing Test CMAKE_HAVE_LIBC_PTHREAD\n'}
[3.514950] (-) TimerEvent: {}
[3.615943] (-) TimerEvent: {}
[3.705403] (orbslam2_pointcloud_ros2) StdoutLine: {'line': b'-- Performing Test CMAKE_HAVE_LIBC_PTHREAD - Success\n'}
[3.708141] (orbslam2_pointcloud_ros2) StdoutLine: {'line': b'-- Found Threads: TRUE  \n'}
[3.715990] (-) TimerEvent: {}
[3.816960] (-) TimerEvent: {}
[3.907923] (orbslam2_pointcloud_ros2) StdoutLine: {'line': b'-- Found sensor_msgs: 4.2.4 (/opt/ros/humble/share/sensor_msgs/cmake)\n'}
[3.917054] (-) TimerEvent: {}
[3.985544] (orbslam2_pointcloud_ros2) StdoutLine: {'line': b'-- Found message_filters: 4.3.5 (/opt/ros/humble/share/message_filters/cmake)\n'}
[4.017343] (-) TimerEvent: {}
[4.100769] (orbslam2_pointcloud_ros2) StdoutLine: {'line': b'-- Found CUDA: /usr/local/cuda-12.6 (found suitable exact version "12.6") \n'}
[4.117482] (-) TimerEvent: {}
[4.121268] (orbslam2_pointcloud_ros2) StdoutLine: {'line': b'-- Found OpenCV: /usr/local (found version "4.10.0") \n'}
[4.199223] (orbslam2_pointcloud_ros2) StdoutLine: {'line': b"-- Checking for module 'eigen3'\n"}
[4.217657] (-) TimerEvent: {}
[4.233714] (orbslam2_pointcloud_ros2) StdoutLine: {'line': b'--   Found eigen3, version 3.4.0\n'}
[4.306049] (orbslam2_pointcloud_ros2) StdoutLine: {'line': b'-- Found Eigen: /usr/include/eigen3 (Required is at least version "3.1") \n'}
[4.306653] (orbslam2_pointcloud_ros2) StdoutLine: {'line': b'-- Eigen found (include: /usr/include/eigen3, version: 3.4.0)\n'}
[4.317747] (-) TimerEvent: {}
[4.411193] (orbslam2_pointcloud_ros2) StdoutLine: {'line': b'-- Found Boost: /usr/lib/aarch64-linux-gnu/cmake/Boost-1.74.0/BoostConfig.cmake (found suitable version "1.74.0", minimum required is "1.65.0") found components: system filesystem date_time iostreams serialization \n'}
[4.417860] (-) TimerEvent: {}
[4.450185] (orbslam2_pointcloud_ros2) StdoutLine: {'line': b"-- Checking for module 'flann'\n"}
[4.484702] (orbslam2_pointcloud_ros2) StdoutLine: {'line': b'--   Found flann, version 1.9.1\n'}
[4.518194] (-) TimerEvent: {}
[4.591805] (orbslam2_pointcloud_ros2) StdoutLine: {'line': b'-- Found FLANN: /usr/lib/aarch64-linux-gnu/libflann_cpp.so  \n'}
[4.592645] (orbslam2_pointcloud_ros2) StdoutLine: {'line': b'-- FLANN found (include: /usr/include, lib: /usr/lib/aarch64-linux-gnu/libflann_cpp.so)\n'}
[4.618305] (-) TimerEvent: {}
[4.671344] (orbslam2_pointcloud_ros2) StdoutLine: {'line': b'-- Found GLEW: /usr/lib/aarch64-linux-gnu/libGLEW.so  \n'}
[4.688617] (orbslam2_pointcloud_ros2) StdoutLine: {'line': b'-- Found OpenGL: /usr/lib/aarch64-linux-gnu/libOpenGL.so  found components: OpenGL GLX \n'}
[4.718494] (-) TimerEvent: {}
[4.819113] (-) TimerEvent: {}
[4.919835] (-) TimerEvent: {}
[5.020624] (-) TimerEvent: {}
[5.044265] (orbslam2_pointcloud_ros2) StdoutLine: {'line': b'-- Found MPI_C: /usr/lib/aarch64-linux-gnu/libmpi.so (found version "3.1") \n'}
[5.044993] (orbslam2_pointcloud_ros2) StdoutLine: {'line': b'-- Found MPI: TRUE (found version "3.1") found components: C \n'}
[5.056627] (orbslam2_pointcloud_ros2) StdoutLine: {'line': b'-- Found JsonCpp: /usr/lib/aarch64-linux-gnu/libjsoncpp.so (found suitable version "1.9.5", minimum required is "0.7.0") \n'}
[5.089018] (orbslam2_pointcloud_ros2) StdoutLine: {'line': b'-- Found ZLIB: /usr/lib/aarch64-linux-gnu/libz.so (found version "1.2.11") \n'}
[5.120813] (-) TimerEvent: {}
[5.131383] (orbslam2_pointcloud_ros2) StdoutLine: {'line': b'-- Found PNG: /usr/lib/aarch64-linux-gnu/libpng.so (found version "1.6.37") \n'}
[5.195332] (orbslam2_pointcloud_ros2) StdoutLine: {'line': b'-- Found Eigen3: /usr/include/eigen3 (found version "3.4.0") \n'}
[5.220978] (-) TimerEvent: {}
[5.321895] (-) TimerEvent: {}
[5.422589] (-) TimerEvent: {}
[5.427462] (orbslam2_pointcloud_ros2) StdoutLine: {'line': b'-- Found X11: /usr/include   \n'}
[5.428515] (orbslam2_pointcloud_ros2) StdoutLine: {'line': b'-- Looking for XOpenDisplay in /usr/lib/aarch64-linux-gnu/libX11.so;/usr/lib/aarch64-linux-gnu/libXext.so\n'}
[5.522767] (-) TimerEvent: {}
[5.602558] (orbslam2_pointcloud_ros2) StdoutLine: {'line': b'-- Looking for XOpenDisplay in /usr/lib/aarch64-linux-gnu/libX11.so;/usr/lib/aarch64-linux-gnu/libXext.so - found\n'}
[5.603200] (orbslam2_pointcloud_ros2) StdoutLine: {'line': b'-- Looking for gethostbyname\n'}
[5.622942] (-) TimerEvent: {}
[5.723928] (-) TimerEvent: {}
[5.771010] (orbslam2_pointcloud_ros2) StdoutLine: {'line': b'-- Looking for gethostbyname - found\n'}
[5.771813] (orbslam2_pointcloud_ros2) StdoutLine: {'line': b'-- Looking for connect\n'}
[5.824130] (-) TimerEvent: {}
[5.923921] (orbslam2_pointcloud_ros2) StdoutLine: {'line': b'-- Looking for connect - found\n'}
[5.924489] (-) TimerEvent: {}
[5.925103] (orbslam2_pointcloud_ros2) StdoutLine: {'line': b'-- Looking for remove\n'}
[6.024703] (-) TimerEvent: {}
[6.088898] (orbslam2_pointcloud_ros2) StdoutLine: {'line': b'-- Looking for remove - found\n'}
[6.089639] (orbslam2_pointcloud_ros2) StdoutLine: {'line': b'-- Looking for shmat\n'}
[6.124893] (-) TimerEvent: {}
[6.225919] (-) TimerEvent: {}
[6.258216] (orbslam2_pointcloud_ros2) StdoutLine: {'line': b'-- Looking for shmat - found\n'}
[6.259661] (orbslam2_pointcloud_ros2) StdoutLine: {'line': b'-- Looking for IceConnectionNumber in ICE\n'}
[6.326120] (-) TimerEvent: {}
[6.418642] (orbslam2_pointcloud_ros2) StdoutLine: {'line': b'-- Looking for IceConnectionNumber in ICE - found\n'}
[6.426264] (-) TimerEvent: {}
[6.526894] (-) TimerEvent: {}
[6.606778] (orbslam2_pointcloud_ros2) StdoutLine: {'line': b'-- Found EXPAT: /usr/lib/aarch64-linux-gnu/libexpat.so (found version "2.4.7") \n'}
[6.613145] (orbslam2_pointcloud_ros2) StdoutLine: {'line': b'-- Found double-conversion: /usr/lib/aarch64-linux-gnu/libdouble-conversion.so  \n'}
[6.620403] (orbslam2_pointcloud_ros2) StdoutLine: {'line': b'-- Found LZ4: /usr/lib/aarch64-linux-gnu/liblz4.so (found version "1.9.3") \n'}
[6.626184] (orbslam2_pointcloud_ros2) StdoutLine: {'line': b'-- Found LZMA: /usr/lib/aarch64-linux-gnu/liblzma.so (found version "5.2.5") \n'}
[6.626970] (-) TimerEvent: {}
[6.659789] (orbslam2_pointcloud_ros2) StdoutLine: {'line': b'-- Found JPEG: /usr/lib/aarch64-linux-gnu/libjpeg.so (found version "80") \n'}
[6.675334] (orbslam2_pointcloud_ros2) StdoutLine: {'line': b'-- Found TIFF: /usr/lib/aarch64-linux-gnu/libtiff.so (found version "4.3.0")  \n'}
[6.682299] (orbslam2_pointcloud_ros2) StdoutLine: {'line': b'-- Found Freetype: /usr/lib/aarch64-linux-gnu/libfreetype.so (found version "2.11.1") \n'}
[6.695270] (orbslam2_pointcloud_ros2) StdoutLine: {'line': b'-- Found utf8cpp: /usr/include/utf8cpp  \n'}
[6.727182] (-) TimerEvent: {}
[6.827857] (-) TimerEvent: {}
[6.910078] (orbslam2_pointcloud_ros2) StdoutLine: {'line': b"-- Checking for module 'libusb-1.0'\n"}
[6.928036] (-) TimerEvent: {}
[6.949929] (orbslam2_pointcloud_ros2) StdoutLine: {'line': b'--   Found libusb-1.0, version 1.0.25\n'}
[7.028259] (-) TimerEvent: {}
[7.047669] (orbslam2_pointcloud_ros2) StdoutLine: {'line': b'-- Found libusb: /usr/lib/aarch64-linux-gnu/libusb-1.0.so  \n'}
[7.049805] (orbslam2_pointcloud_ros2) StdoutLine: {'line': b'-- Found OpenNI: /usr/lib/libOpenNI.so;libusb::libusb (found version "1.5.4.0") \n'}
[7.050200] (orbslam2_pointcloud_ros2) StdoutLine: {'line': b'-- OpenNI found (version: 1.5.4.0, include: /usr/include/ni, lib: /usr/lib/libOpenNI.so;libusb::libusb)\n'}
[7.128452] (-) TimerEvent: {}
[7.184251] (orbslam2_pointcloud_ros2) StdoutLine: {'line': b'-- Found OpenNI2: /home/jetson/yahboomcar_ros2_ws/software/library_ws/install/astra_camera/lib/libOpenNI2.so;libusb::libusb (found version "2.3.0.85") \n'}
[7.185123] (orbslam2_pointcloud_ros2) StderrLine: {'line': b'\x1b[0m** WARNING ** io features related to pcap will be disabled\x1b[0m\n'}
[7.185571] (orbslam2_pointcloud_ros2) StdoutLine: {'line': b'-- OpenNI2 found (version: 2.3.0.85, include: /home/jetson/yahboomcar_ros2_ws/software/library_ws/install/astra_camera/include/openni2, lib: /home/jetson/yahboomcar_ros2_ws/software/library_ws/install/astra_camera/lib/libOpenNI2.so;libusb::libusb)\n'}
[7.228658] (-) TimerEvent: {}
[7.329529] (-) TimerEvent: {}
[7.430335] (-) TimerEvent: {}
[7.474065] (orbslam2_pointcloud_ros2) StdoutLine: {'line': b'-- Eigen found (include: /usr/include/eigen3, version: 3.4.0)\n'}
[7.487104] (orbslam2_pointcloud_ros2) StdoutLine: {'line': b'-- OpenNI found (version: 1.5.4.0, include: /usr/include/ni, lib: /usr/lib/libOpenNI.so;libusb::libusb)\n'}
[7.502494] (orbslam2_pointcloud_ros2) StdoutLine: {'line': b'-- OpenNI2 found (version: 2.3.0.85, include: /home/jetson/yahboomcar_ros2_ws/software/library_ws/install/astra_camera/include/openni2, lib: /home/jetson/yahboomcar_ros2_ws/software/library_ws/install/astra_camera/lib/libOpenNI2.so;libusb::libusb)\n'}
[7.530482] (-) TimerEvent: {}
[7.631401] (-) TimerEvent: {}
[7.732211] (-) TimerEvent: {}
[7.796242] (orbslam2_pointcloud_ros2) StdoutLine: {'line': b'-- Found Qhull version 8.0.2\n'}
[7.832399] (-) TimerEvent: {}
[7.933318] (-) TimerEvent: {}
[8.033933] (-) TimerEvent: {}
[8.100427] (orbslam2_pointcloud_ros2) StdoutLine: {'line': b'-- OpenNI found (version: 1.5.4.0, include: /usr/include/ni, lib: /usr/lib/libOpenNI.so;libusb::libusb)\n'}
[8.134107] (-) TimerEvent: {}
[8.234736] (-) TimerEvent: {}
[8.335385] (-) TimerEvent: {}
[8.382286] (orbslam2_pointcloud_ros2) StdoutLine: {'line': b'-- looking for PCL_COMMON\n'}
[8.384687] (orbslam2_pointcloud_ros2) StdoutLine: {'line': b'-- Found PCL_COMMON: /usr/lib/aarch64-linux-gnu/libpcl_common.so  \n'}
[8.385027] (orbslam2_pointcloud_ros2) StdoutLine: {'line': b'-- looking for PCL_KDTREE\n'}
[8.386371] (orbslam2_pointcloud_ros2) StdoutLine: {'line': b'-- Found PCL_KDTREE: /usr/lib/aarch64-linux-gnu/libpcl_kdtree.so  \n'}
[8.386603] (orbslam2_pointcloud_ros2) StdoutLine: {'line': b'-- looking for PCL_OCTREE\n'}
[8.387972] (orbslam2_pointcloud_ros2) StdoutLine: {'line': b'-- Found PCL_OCTREE: /usr/lib/aarch64-linux-gnu/libpcl_octree.so  \n'}
[8.388382] (orbslam2_pointcloud_ros2) StdoutLine: {'line': b'-- looking for PCL_SEARCH\n'}
[8.389660] (orbslam2_pointcloud_ros2) StdoutLine: {'line': b'-- Found PCL_SEARCH: /usr/lib/aarch64-linux-gnu/libpcl_search.so  \n'}
[8.390038] (orbslam2_pointcloud_ros2) StdoutLine: {'line': b'-- looking for PCL_SAMPLE_CONSENSUS\n'}
[8.391458] (orbslam2_pointcloud_ros2) StdoutLine: {'line': b'-- Found PCL_SAMPLE_CONSENSUS: /usr/lib/aarch64-linux-gnu/libpcl_sample_consensus.so  \n'}
[8.391759] (orbslam2_pointcloud_ros2) StdoutLine: {'line': b'-- looking for PCL_FILTERS\n'}
[8.392846] (orbslam2_pointcloud_ros2) StdoutLine: {'line': b'-- Found PCL_FILTERS: /usr/lib/aarch64-linux-gnu/libpcl_filters.so  \n'}
[8.393220] (orbslam2_pointcloud_ros2) StdoutLine: {'line': b'-- looking for PCL_2D\n'}
[8.393795] (orbslam2_pointcloud_ros2) StdoutLine: {'line': b'-- Found PCL_2D: /usr/include/pcl-1.12  \n'}
[8.394113] (orbslam2_pointcloud_ros2) StdoutLine: {'line': b'-- looking for PCL_GEOMETRY\n'}
[8.394378] (orbslam2_pointcloud_ros2) StdoutLine: {'line': b'-- Found PCL_GEOMETRY: /usr/include/pcl-1.12  \n'}
[8.394606] (orbslam2_pointcloud_ros2) StdoutLine: {'line': b'-- looking for PCL_IO\n'}
[8.395729] (orbslam2_pointcloud_ros2) StdoutLine: {'line': b'-- Found PCL_IO: /usr/lib/aarch64-linux-gnu/libpcl_io.so  \n'}
[8.396201] (orbslam2_pointcloud_ros2) StdoutLine: {'line': b'-- looking for PCL_FEATURES\n'}
[8.397391] (orbslam2_pointcloud_ros2) StdoutLine: {'line': b'-- Found PCL_FEATURES: /usr/lib/aarch64-linux-gnu/libpcl_features.so  \n'}
[8.397757] (orbslam2_pointcloud_ros2) StdoutLine: {'line': b'-- looking for PCL_ML\n'}
[8.398995] (orbslam2_pointcloud_ros2) StdoutLine: {'line': b'-- Found PCL_ML: /usr/lib/aarch64-linux-gnu/libpcl_ml.so  \n'}
[8.399383] (orbslam2_pointcloud_ros2) StdoutLine: {'line': b'-- looking for PCL_SEGMENTATION\n'}
[8.400475] (orbslam2_pointcloud_ros2) StdoutLine: {'line': b'-- Found PCL_SEGMENTATION: /usr/lib/aarch64-linux-gnu/libpcl_segmentation.so  \n'}
[8.400885] (orbslam2_pointcloud_ros2) StdoutLine: {'line': b'-- looking for PCL_VISUALIZATION\n'}
[8.402093] (orbslam2_pointcloud_ros2) StdoutLine: {'line': b'-- Found PCL_VISUALIZATION: /usr/lib/aarch64-linux-gnu/libpcl_visualization.so  \n'}
[8.402523] (orbslam2_pointcloud_ros2) StdoutLine: {'line': b'-- looking for PCL_SURFACE\n'}
[8.403730] (orbslam2_pointcloud_ros2) StdoutLine: {'line': b'-- Found PCL_SURFACE: /usr/lib/aarch64-linux-gnu/libpcl_surface.so  \n'}
[8.404118] (orbslam2_pointcloud_ros2) StdoutLine: {'line': b'-- looking for PCL_REGISTRATION\n'}
[8.405481] (orbslam2_pointcloud_ros2) StdoutLine: {'line': b'-- Found PCL_REGISTRATION: /usr/lib/aarch64-linux-gnu/libpcl_registration.so  \n'}
[8.405795] (orbslam2_pointcloud_ros2) StdoutLine: {'line': b'-- looking for PCL_KEYPOINTS\n'}
[8.406978] (orbslam2_pointcloud_ros2) StdoutLine: {'line': b'-- Found PCL_KEYPOINTS: /usr/lib/aarch64-linux-gnu/libpcl_keypoints.so  \n'}
[8.407360] (orbslam2_pointcloud_ros2) StdoutLine: {'line': b'-- looking for PCL_TRACKING\n'}
[8.408551] (orbslam2_pointcloud_ros2) StdoutLine: {'line': b'-- Found PCL_TRACKING: /usr/lib/aarch64-linux-gnu/libpcl_tracking.so  \n'}
[8.408881] (orbslam2_pointcloud_ros2) StdoutLine: {'line': b'-- looking for PCL_RECOGNITION\n'}
[8.410133] (orbslam2_pointcloud_ros2) StdoutLine: {'line': b'-- Found PCL_RECOGNITION: /usr/lib/aarch64-linux-gnu/libpcl_recognition.so  \n'}
[8.410588] (orbslam2_pointcloud_ros2) StdoutLine: {'line': b'-- looking for PCL_STEREO\n'}
[8.411805] (orbslam2_pointcloud_ros2) StdoutLine: {'line': b'-- Found PCL_STEREO: /usr/lib/aarch64-linux-gnu/libpcl_stereo.so  \n'}
[8.412055] (orbslam2_pointcloud_ros2) StdoutLine: {'line': b'-- looking for PCL_APPS\n'}
[8.413271] (orbslam2_pointcloud_ros2) StdoutLine: {'line': b'-- Found PCL_APPS: /usr/lib/aarch64-linux-gnu/libpcl_apps.so  \n'}
[8.414225] (orbslam2_pointcloud_ros2) StdoutLine: {'line': b'-- looking for PCL_IN_HAND_SCANNER\n'}
[8.414630] (orbslam2_pointcloud_ros2) StdoutLine: {'line': b'-- Found PCL_IN_HAND_SCANNER: /usr/include/pcl-1.12  \n'}
[8.414887] (orbslam2_pointcloud_ros2) StdoutLine: {'line': b'-- looking for PCL_MODELER\n'}
[8.415267] (orbslam2_pointcloud_ros2) StdoutLine: {'line': b'-- Found PCL_MODELER: /usr/include/pcl-1.12  \n'}
[8.415560] (orbslam2_pointcloud_ros2) StdoutLine: {'line': b'-- looking for PCL_POINT_CLOUD_EDITOR\n'}
[8.416047] (orbslam2_pointcloud_ros2) StdoutLine: {'line': b'-- Found PCL_POINT_CLOUD_EDITOR: /usr/include/pcl-1.12  \n'}
[8.416450] (orbslam2_pointcloud_ros2) StdoutLine: {'line': b'-- looking for PCL_OUTOFCORE\n'}
[8.417547] (orbslam2_pointcloud_ros2) StdoutLine: {'line': b'-- Found PCL_OUTOFCORE: /usr/lib/aarch64-linux-gnu/libpcl_outofcore.so  \n'}
[8.417898] (orbslam2_pointcloud_ros2) StdoutLine: {'line': b'-- looking for PCL_PEOPLE\n'}
[8.419167] (orbslam2_pointcloud_ros2) StdoutLine: {'line': b'-- Found PCL_PEOPLE: /usr/lib/aarch64-linux-gnu/libpcl_people.so  \n'}
[8.420457] (orbslam2_pointcloud_ros2) StdoutLine: {'line': b'-- Found PCL: pcl_common;pcl_kdtree;pcl_octree;pcl_search;pcl_sample_consensus;pcl_filters;pcl_io;pcl_features;pcl_ml;pcl_segmentation;pcl_visualization;pcl_surface;pcl_registration;pcl_keypoints;pcl_tracking;pcl_recognition;pcl_stereo;pcl_apps;pcl_outofcore;pcl_people;Boost::system;Boost::filesystem;Boost::date_time;Boost::iostreams;Boost::serialization;/usr/lib/libOpenNI.so;libusb::libusb;/home/jetson/yahboomcar_ros2_ws/software/library_ws/install/astra_camera/lib/libOpenNI2.so;libusb::libusb;VTK::ChartsCore;VTK::CommonColor;VTK::CommonComputationalGeometry;VTK::CommonCore;VTK::CommonDataModel;VTK::CommonExecutionModel;VTK::CommonMath;VTK::CommonMisc;VTK::CommonTransforms;VTK::FiltersCore;VTK::FiltersExtraction;VTK::FiltersGeneral;VTK::FiltersGeometry;VTK::FiltersModeling;VTK::FiltersSources;VTK::ImagingCore;VTK::ImagingSources;VTK::InteractionImage;VTK::InteractionStyle;VTK::InteractionWidgets;VTK::IOCore;VTK::IOGeometry;VTK::IOImage;VTK::IOLegacy;VTK::IOPLY;VTK::RenderingAnnotation;VTK::RenderingCore;VTK::RenderingContext2D;VTK::RenderingLOD;VTK::RenderingFreeType;VTK::ViewsCore;VTK::ViewsContext2D;VTK::RenderingOpenGL2;VTK::GUISupportQt;FLANN::FLANN;QHULL::QHULL  \n'}
[8.435510] (-) TimerEvent: {}
[8.536152] (-) TimerEvent: {}
[8.602803] (orbslam2_pointcloud_ros2) StdoutLine: {'line': b'-- Configuring done\n'}
[8.636442] (-) TimerEvent: {}
[8.725744] (orbslam2_pointcloud_ros2) StdoutLine: {'line': b'-- Generating done\n'}
[8.736507] (-) TimerEvent: {}
[8.751154] (orbslam2_pointcloud_ros2) StdoutLine: {'line': b'-- Build files have been written to: /home/jetson/ws/orb-slam2/code/ros2_orbslam2_pointcloud_map/build/orbslam2_pointcloud_ros2\n'}
[8.807163] (orbslam2_pointcloud_ros2) CommandEnded: {'returncode': 0}
[8.809189] (orbslam2_pointcloud_ros2) JobProgress: {'identifier': 'orbslam2_pointcloud_ros2', 'progress': 'build'}
[8.811028] (orbslam2_pointcloud_ros2) Command: {'cmd': ['/usr/bin/cmake', '--build', '/home/jetson/ws/orb-slam2/code/ros2_orbslam2_pointcloud_map/build/orbslam2_pointcloud_ros2', '--', '-j6', '-l6'], 'cwd': '/home/jetson/ws/orb-slam2/code/ros2_orbslam2_pointcloud_map/build/orbslam2_pointcloud_ros2', 'env': OrderedDict([('LESSOPEN', '| /usr/bin/lesspipe %s'), ('CONDA_PROMPT_MODIFIER', ''), ('LANGUAGE', 'en_US:en'), ('USER', 'jetson'), ('LC_TIME', 'en_US.UTF-8'), ('JETSON_MODEL_NAME', 'JETSON_ORIN_NANO'), ('CAMERA_TYPE', 'astraplus'), ('XDG_SESSION_TYPE', 'x11'), ('SHLVL', '2'), ('LD_LIBRARY_PATH', '/home/jetson/yahboomcar_ros2_ws/software/library_ws/install/teb_local_planner/lib:/home/jetson/yahboomcar_ros2_ws/software/library_ws/install/teb_msgs/lib:/home/jetson/yahboomcar_ros2_ws/software/library_ws/install/robot_localization/lib:/home/jetson/yahboomcar_ros2_ws/software/library_ws/install/openslam_gmapping/lib:/home/jetson/yahboomcar_ros2_ws/software/library_ws/install/costmap_converter/lib:/home/jetson/yahboomcar_ros2_ws/software/library_ws/install/costmap_converter_msgs/lib:/home/jetson/yahboomcar_ros2_ws/software/library_ws/install/cartographer_rviz/lib:/home/jetson/yahboomcar_ros2_ws/software/library_ws/install/cartographer_ros/lib:/home/jetson/yahboomcar_ros2_ws/software/library_ws/install/cartographer_ros_msgs/lib:/home/jetson/yahboomcar_ros2_ws/software/library_ws/install/astra_camera/lib:/home/jetson/yahboomcar_ros2_ws/software/library_ws/install/astra_camera_msgs/lib:/home/jetson/yahboomcar_ros2_ws/yahboomcar_ws/install/yahboomcar_msgs/lib:/home/jetson/yahboomcar_ros2_ws/yahboomcar_ws/install/yahboom_web_savmap_interfaces/lib:/opt/ros/humble/opt/rviz_ogre_vendor/lib:/opt/ros/humble/lib/aarch64-linux-gnu:/opt/ros/humble/lib:/usr/local/lib:/usr/local/cuda-12.6/lib64:'), ('HOME', '/home/jetson'), ('CONDA_SHLVL', '0'), ('OLDPWD', '/home/jetson/ws/orb-slam2/code/ros2_orbslam2_pointcloud_map'), ('DESKTOP_SESSION', 'ubuntu'), ('JETSON_L4T', '36.4.3'), ('ROS_PYTHON_VERSION', '3'), ('GNOME_SHELL_SESSION_MODE', 'ubuntu'), ('GTK_MODULES', 'gail:atk-bridge'), ('JETSON_MODEL', 'NVIDIA Jetson Orin Nano Engineering Reference Developer Kit Super'), ('LC_MONETARY', 'en_US.UTF-8'), ('SYSTEMD_EXEC_PID', '2209'), ('DBUS_SESSION_BUS_ADDRESS', 'unix:path=/run/user/1000/bus'), ('COLORTERM', 'truecolor'), ('_CE_M', ''), ('_CONDA_ROOT', '/home/jetson/miniconda3'), ('ROBOT_TYPE', 'x3'), ('IM_CONFIG_PHASE', '1'), ('COLCON_PREFIX_PATH', '/home/jetson/ws/orb-slam2/code/ros2_orbslam2_pointcloud_map/install:/home/jetson/yahboomcar_ros2_ws/yahboomcar_ws/install:/home/jetson/yahboomcar_ros2_ws/software/library_ws/install'), ('ROS_DISTRO', 'humble'), ('GTK_IM_MODULE', 'ibus'), ('LOGNAME', 'jetson'), ('JETSON_MODULE', 'NVIDIA Jetson Orin Nano (8GB ram)'), ('JETSON_SERIAL_NUMBER', '1421725012488'), ('DESKTOP_AUTOSTART_ID', '10cb261b1fcc9e125b178400321861618900000022090016'), ('ORB_SLAM2_ROOT', '/home/jetson/ws/orb-slam2/code/main/ORBSLAM2_with_pointcloudmap_AstraPro-main/ORBSLAM2_with_pointcloud_map/'), ('_', '/usr/bin/colcon'), ('ROS_VERSION', '2'), ('PKG_CONFIG_PATH', '/home/jetson/yahboomcar_ros2_ws/software/library_ws/install/cartographer/lib/aarch64-linux-gnu/pkgconfig:/home/jetson/yahboomcar_ros2_ws/software/library_ws/install/cartographer/lib/pkgconfig'), ('XDG_SESSION_CLASS', 'user'), ('USERNAME', 'jetson'), ('TERM', 'xterm-256color'), ('GNOME_DESKTOP_SESSION_ID', 'this-is-deprecated'), ('_CE_CONDA', ''), ('ROS_LOCALHOST_ONLY', '0'), ('WINDOWPATH', '2'), ('PATH', '/home/jetson/miniconda3/condabin:/home/jetson/yahboomcar_ros2_ws/software/library_ws/install/costmap_converter/bin:/home/jetson/yahboomcar_ros2_ws/software/library_ws/install/cartographer/bin:/opt/ros/humble/bin:/usr/local/cuda-12.6/bin:/home/jetson/.local/bin:/usr/local/sbin:/usr/local/bin:/usr/sbin:/usr/bin:/sbin:/bin:/usr/games:/usr/local/games:/snap/bin:/snap/bin'), ('SESSION_MANAGER', 'local/bladewin:@/tmp/.ICE-unix/2209,unix/bladewin:/tmp/.ICE-unix/2209'), ('PAPERSIZE', 'letter'), ('XDG_MENU_PREFIX', 'gnome-'), ('LC_ADDRESS', 'en_US.UTF-8'), ('GNOME_TERMINAL_SCREEN', '/org/gnome/Terminal/screen/8ff36a06_8092_417d_894f_65604a1c3db6'), ('XDG_RUNTIME_DIR', '/run/user/1000'), ('DISPLAY', ':0'), ('LANG', 'en_US.UTF-8'), ('XDG_CURRENT_DESKTOP', 'ubuntu:GNOME'), ('LC_TELEPHONE', 'en_US.UTF-8'), ('XMODIFIERS', '@im=ibus'), ('XDG_SESSION_DESKTOP', 'ubuntu'), ('XAUTHORITY', '/run/user/1000/gdm/Xauthority'), ('LS_COLORS', 'rs=0:di=01;34:ln=01;36:mh=00:pi=40;33:so=01;35:do=01;35:bd=40;33;01:cd=40;33;01:or=40;31;01:mi=00:su=37;41:sg=30;43:ca=30;41:tw=30;42:ow=34;42:st=37;44:ex=01;32:*.tar=01;31:*.tgz=01;31:*.arc=01;31:*.arj=01;31:*.taz=01;31:*.lha=01;31:*.lz4=01;31:*.lzh=01;31:*.lzma=01;31:*.tlz=01;31:*.txz=01;31:*.tzo=01;31:*.t7z=01;31:*.zip=01;31:*.z=01;31:*.dz=01;31:*.gz=01;31:*.lrz=01;31:*.lz=01;31:*.lzo=01;31:*.xz=01;31:*.zst=01;31:*.tzst=01;31:*.bz2=01;31:*.bz=01;31:*.tbz=01;31:*.tbz2=01;31:*.tz=01;31:*.deb=01;31:*.rpm=01;31:*.jar=01;31:*.war=01;31:*.ear=01;31:*.sar=01;31:*.rar=01;31:*.alz=01;31:*.ace=01;31:*.zoo=01;31:*.cpio=01;31:*.7z=01;31:*.rz=01;31:*.cab=01;31:*.wim=01;31:*.swm=01;31:*.dwm=01;31:*.esd=01;31:*.jpg=01;35:*.jpeg=01;35:*.mjpg=01;35:*.mjpeg=01;35:*.gif=01;35:*.bmp=01;35:*.pbm=01;35:*.pgm=01;35:*.ppm=01;35:*.tga=01;35:*.xbm=01;35:*.xpm=01;35:*.tif=01;35:*.tiff=01;35:*.png=01;35:*.svg=01;35:*.svgz=01;35:*.mng=01;35:*.pcx=01;35:*.mov=01;35:*.mpg=01;35:*.mpeg=01;35:*.m2v=01;35:*.mkv=01;35:*.webm=01;35:*.webp=01;35:*.ogm=01;35:*.mp4=01;35:*.m4v=01;35:*.mp4v=01;35:*.vob=01;35:*.qt=01;35:*.nuv=01;35:*.wmv=01;35:*.asf=01;35:*.rm=01;35:*.rmvb=01;35:*.flc=01;35:*.avi=01;35:*.fli=01;35:*.flv=01;35:*.gl=01;35:*.dl=01;35:*.xcf=01;35:*.xwd=01;35:*.yuv=01;35:*.cgm=01;35:*.emf=01;35:*.ogv=01;35:*.ogx=01;35:*.aac=00;36:*.au=00;36:*.flac=00;36:*.m4a=00;36:*.mid=00;36:*.midi=00;36:*.mka=00;36:*.mp3=00;36:*.mpc=00;36:*.ogg=00;36:*.ra=00;36:*.wav=00;36:*.oga=00;36:*.opus=00;36:*.spx=00;36:*.xspf=00;36:'), ('JETSON_SOC', 'tegra234'), ('GNOME_TERMINAL_SERVICE', ':1.91'), ('SSH_AGENT_LAUNCHER', 'gnome-keyring'), ('SSH_AUTH_SOCK', '/run/user/1000/keyring/ssh'), ('ROS_DOMAIN_ID', '77'), ('AMENT_PREFIX_PATH', '/home/jetson/ws/orb-slam2/code/ros2_orbslam2_pointcloud_map/install/orbslam2_pointcloud_ros2:/home/jetson/yahboomcar_ros2_ws/software/library_ws/install/ydlidar_ros2_driver:/home/jetson/yahboomcar_ros2_ws/software/library_ws/install/web_video_server:/home/jetson/yahboomcar_ros2_ws/software/library_ws/install/teb_local_planner:/home/jetson/yahboomcar_ros2_ws/software/library_ws/install/teb_msgs:/home/jetson/yahboomcar_ros2_ws/software/library_ws/install/sllidar_ros2:/home/jetson/yahboomcar_ros2_ws/software/library_ws/install/slam_gmapping:/home/jetson/yahboomcar_ros2_ws/software/library_ws/install/robot_localization:/home/jetson/yahboomcar_ros2_ws/software/library_ws/install/openslam_gmapping:/home/jetson/yahboomcar_ros2_ws/software/library_ws/install/costmap_converter:/home/jetson/yahboomcar_ros2_ws/software/library_ws/install/costmap_converter_msgs:/home/jetson/yahboomcar_ros2_ws/software/library_ws/install/cartographer_rviz:/home/jetson/yahboomcar_ros2_ws/software/library_ws/install/cartographer_ros:/home/jetson/yahboomcar_ros2_ws/software/library_ws/install/cartographer_ros_msgs:/home/jetson/yahboomcar_ros2_ws/software/library_ws/install/astra_camera:/home/jetson/yahboomcar_ros2_ws/software/library_ws/install/astra_camera_msgs:/home/jetson/yahboomcar_ros2_ws/yahboomcar_ws/install/yahboomcar_voice_ctrl:/home/jetson/yahboomcar_ros2_ws/yahboomcar_ws/install/yahboomcar_visual:/home/jetson/yahboomcar_ros2_ws/yahboomcar_ws/install/yahboomcar_slam:/home/jetson/yahboomcar_ros2_ws/yahboomcar_ws/install/yahboomcar_rviz:/home/jetson/yahboomcar_ros2_ws/yahboomcar_ws/install/yahboomcar_point:/home/jetson/yahboomcar_ros2_ws/yahboomcar_ws/install/yahboomcar_nav:/home/jetson/yahboomcar_ros2_ws/yahboomcar_ws/install/yahboomcar_multi:/home/jetson/yahboomcar_ros2_ws/yahboomcar_ws/install/yahboomcar_msgs:/home/jetson/yahboomcar_ros2_ws/yahboomcar_ws/install/yahboomcar_mediapipe:/home/jetson/yahboomcar_ros2_ws/yahboomcar_ws/install/yahboomcar_linefollow:/home/jetson/yahboomcar_ros2_ws/yahboomcar_ws/install/yahboomcar_laser:/home/jetson/yahboomcar_ros2_ws/yahboomcar_ws/install/yahboomcar_description_x1:/home/jetson/yahboomcar_ros2_ws/yahboomcar_ws/install/yahboomcar_description:/home/jetson/yahboomcar_ros2_ws/yahboomcar_ws/install/yahboomcar_ctrl:/home/jetson/yahboomcar_ros2_ws/yahboomcar_ws/install/yahboomcar_bringup:/home/jetson/yahboomcar_ros2_ws/yahboomcar_ws/install/yahboomcar_base_node:/home/jetson/yahboomcar_ros2_ws/yahboomcar_ws/install/yahboomcar_astra:/home/jetson/yahboomcar_ros2_ws/yahboomcar_ws/install/yahboomcar_KCFTracker:/home/jetson/yahboomcar_ros2_ws/yahboomcar_ws/install/yahboom_web_savmap_interfaces:/home/jetson/yahboomcar_ros2_ws/yahboomcar_ws/install/yahboom_app_save_map:/home/jetson/yahboomcar_ros2_ws/yahboomcar_ws/install/robot_pose_publisher_ros2:/home/jetson/yahboomcar_ros2_ws/yahboomcar_ws/install/laserscan_to_point_pulisher:/opt/ros/humble'), ('CONDA_PYTHON_EXE', '/home/jetson/miniconda3/bin/python'), ('SHELL', '/bin/bash'), ('LC_NAME', 'en_US.UTF-8'), ('QT_ACCESSIBILITY', '1'), ('GDMSESSION', 'ubuntu'), ('LESSCLOSE', '/usr/bin/lesspipe %s %s'), ('CONDA_DEFAULT_ENV', ''), ('LC_MEASUREMENT', 'en_US.UTF-8'), ('GPG_AGENT_INFO', '/run/user/1000/gnupg/S.gpg-agent:0:1'), ('_CONDA_EXE', '/home/jetson/miniconda3/bin/conda'), ('LC_IDENTIFICATION', 'en_US.UTF-8'), ('QT_IM_MODULE', 'ibus'), ('RPLIDAR_TYPE', 'a1'), ('JETSON_CUDA_ARCH_BIN', '8.7'), ('PWD', '/home/jetson/ws/orb-slam2/code/ros2_orbslam2_pointcloud_map/build/orbslam2_pointcloud_ros2'), ('XDG_CONFIG_DIRS', '/etc/xdg/xdg-ubuntu:/etc/xdg'), ('CONDA_EXE', '/home/jetson/miniconda3/bin/conda'), ('XDG_DATA_DIRS', '/usr/share/ubuntu:/usr/share/gnome:/usr/local/share/:/usr/share/:/var/lib/snapd/desktop'), ('PYTHONPATH', '/home/jetson/yahboomcar_ros2_ws/software/library_ws/install/teb_msgs/local/lib/python3.10/dist-packages:/home/jetson/yahboomcar_ros2_ws/software/library_ws/install/robot_localization/local/lib/python3.10/dist-packages:/home/jetson/yahboomcar_ros2_ws/software/library_ws/install/costmap_converter_msgs/local/lib/python3.10/dist-packages:/home/jetson/yahboomcar_ros2_ws/software/library_ws/install/cartographer_ros_msgs/local/lib/python3.10/dist-packages:/home/jetson/yahboomcar_ros2_ws/software/library_ws/install/astra_camera_msgs/local/lib/python3.10/dist-packages:/home/jetson/yahboomcar_ros2_ws/yahboomcar_ws/install/yahboomcar_voice_ctrl/lib/python3.10/site-packages:/home/jetson/yahboomcar_ros2_ws/yahboomcar_ws/install/yahboomcar_visual/lib/python3.10/site-packages:/home/jetson/yahboomcar_ros2_ws/yahboomcar_ws/install/yahboomcar_rviz/lib/python3.10/site-packages:/home/jetson/yahboomcar_ros2_ws/yahboomcar_ws/install/yahboomcar_nav/lib/python3.10/site-packages:/home/jetson/yahboomcar_ros2_ws/yahboomcar_ws/install/yahboomcar_multi/lib/python3.10/site-packages:/home/jetson/yahboomcar_ros2_ws/yahboomcar_ws/install/yahboomcar_msgs/local/lib/python3.10/dist-packages:/home/jetson/yahboomcar_ros2_ws/yahboomcar_ws/install/yahboomcar_mediapipe/lib/python3.10/site-packages:/home/jetson/yahboomcar_ros2_ws/yahboomcar_ws/install/yahboomcar_linefollow/lib/python3.10/site-packages:/home/jetson/yahboomcar_ros2_ws/yahboomcar_ws/install/yahboomcar_laser/lib/python3.10/site-packages:/home/jetson/yahboomcar_ros2_ws/yahboomcar_ws/install/yahboomcar_description_x1/lib/python3.10/site-packages:/home/jetson/yahboomcar_ros2_ws/yahboomcar_ws/install/yahboomcar_description/lib/python3.10/site-packages:/home/jetson/yahboomcar_ros2_ws/yahboomcar_ws/install/yahboomcar_ctrl/lib/python3.10/site-packages:/home/jetson/yahboomcar_ros2_ws/yahboomcar_ws/install/yahboomcar_bringup/lib/python3.10/site-packages:/home/jetson/yahboomcar_ros2_ws/yahboomcar_ws/install/yahboomcar_astra/lib/python3.10/site-packages:/home/jetson/yahboomcar_ros2_ws/yahboomcar_ws/install/yahboom_web_savmap_interfaces/local/lib/python3.10/dist-packages:/home/jetson/yahboomcar_ros2_ws/yahboomcar_ws/install/yahboom_app_save_map/lib/python3.10/site-packages:/home/jetson/yahboomcar_ros2_ws/yahboomcar_ws/install/laserscan_to_point_pulisher/lib/python3.10/site-packages:/opt/ros/humble/lib/python3.10/site-packages:/opt/ros/humble/local/lib/python3.10/dist-packages:/usr/local/lib/python3.10/site-packages/:'), ('LC_NUMERIC', 'en_US.UTF-8'), ('CONDA_PREFIX', ''), ('LC_PAPER', 'en_US.UTF-8'), ('COLCON', '1'), ('VTE_VERSION', '6800'), ('JETSON_JETPACK', '6.2'), ('CMAKE_PREFIX_PATH', '/home/jetson/ws/orb-slam2/code/ros2_orbslam2_pointcloud_map/install/orbslam2_pointcloud_ros2:/home/jetson/yahboomcar_ros2_ws/software/library_ws/install/ydlidar_ros2_driver:/home/jetson/yahboomcar_ros2_ws/software/library_ws/install/web_video_server:/home/jetson/yahboomcar_ros2_ws/software/library_ws/install/teb_local_planner:/home/jetson/yahboomcar_ros2_ws/software/library_ws/install/teb_msgs:/home/jetson/yahboomcar_ros2_ws/software/library_ws/install/sllidar_ros2:/home/jetson/yahboomcar_ros2_ws/software/library_ws/install/slam_gmapping:/home/jetson/yahboomcar_ros2_ws/software/library_ws/install/robot_localization:/home/jetson/yahboomcar_ros2_ws/software/library_ws/install/openslam_gmapping:/home/jetson/yahboomcar_ros2_ws/software/library_ws/install/costmap_converter:/home/jetson/yahboomcar_ros2_ws/software/library_ws/install/costmap_converter_msgs:/home/jetson/yahboomcar_ros2_ws/software/library_ws/install/cartographer_rviz:/home/jetson/yahboomcar_ros2_ws/software/library_ws/install/cartographer_ros:/home/jetson/yahboomcar_ros2_ws/software/library_ws/install/cartographer_ros_msgs:/home/jetson/yahboomcar_ros2_ws/software/library_ws/install/cartographer:/home/jetson/yahboomcar_ros2_ws/software/library_ws/install/astra_camera:/home/jetson/yahboomcar_ros2_ws/software/library_ws/install/astra_camera_msgs:/home/jetson/yahboomcar_ros2_ws/yahboomcar_ws/install/yahboomcar_slam:/home/jetson/yahboomcar_ros2_ws/yahboomcar_ws/install/yahboomcar_point:/home/jetson/yahboomcar_ros2_ws/yahboomcar_ws/install/yahboomcar_msgs:/home/jetson/yahboomcar_ros2_ws/yahboomcar_ws/install/yahboomcar_base_node:/home/jetson/yahboomcar_ros2_ws/yahboomcar_ws/install/yahboomcar_KCFTracker:/home/jetson/yahboomcar_ros2_ws/yahboomcar_ws/install/yahboom_web_savmap_interfaces:/home/jetson/yahboomcar_ros2_ws/yahboomcar_ws/install/robot_pose_publisher_ros2:/home/jetson/yahboomcar_ros2_ws/yahboomcar_ws/install/yahboomcar_voice_ctrl:/home/jetson/yahboomcar_ros2_ws/yahboomcar_ws/install/yahboomcar_visual:/home/jetson/yahboomcar_ros2_ws/yahboomcar_ws/install/yahboomcar_rviz:/home/jetson/yahboomcar_ros2_ws/yahboomcar_ws/install/yahboomcar_nav:/home/jetson/yahboomcar_ros2_ws/yahboomcar_ws/install/yahboomcar_multi:/home/jetson/yahboomcar_ros2_ws/yahboomcar_ws/install/yahboomcar_mediapipe:/home/jetson/yahboomcar_ros2_ws/yahboomcar_ws/install/yahboomcar_linefollow:/home/jetson/yahboomcar_ros2_ws/yahboomcar_ws/install/yahboomcar_laser:/home/jetson/yahboomcar_ros2_ws/yahboomcar_ws/install/yahboomcar_description_x1:/home/jetson/yahboomcar_ros2_ws/yahboomcar_ws/install/yahboomcar_description:/home/jetson/yahboomcar_ros2_ws/yahboomcar_ws/install/yahboomcar_ctrl:/home/jetson/yahboomcar_ros2_ws/yahboomcar_ws/install/yahboomcar_bringup:/home/jetson/yahboomcar_ros2_ws/yahboomcar_ws/install/yahboomcar_astra:/home/jetson/yahboomcar_ros2_ws/yahboomcar_ws/install/yahboom_app_save_map:/home/jetson/yahboomcar_ros2_ws/yahboomcar_ws/install/laserscan_to_point_pulisher:/opt/ros/humble'), ('JETSON_P_NUMBER', 'p3767-0003')]), 'shell': False}
[8.836709] (-) TimerEvent: {}
[8.937469] (-) TimerEvent: {}
[8.960189] (orbslam2_pointcloud_ros2) StdoutLine: {'line': b'[ 50%] \x1b[32mBuilding CXX object CMakeFiles/rgbd_node.dir/src/rgbd_node.cpp.o\x1b[0m\n'}
[9.037625] (-) TimerEvent: {}
[9.138328] (-) TimerEvent: {}
[9.239017] (-) TimerEvent: {}
[9.339708] (-) TimerEvent: {}
[9.440390] (-) TimerEvent: {}
[9.541044] (-) TimerEvent: {}
[9.641730] (-) TimerEvent: {}
[9.742411] (-) TimerEvent: {}
[9.843132] (-) TimerEvent: {}
[9.943893] (-) TimerEvent: {}
[10.044601] (-) TimerEvent: {}
[10.145277] (-) TimerEvent: {}
[10.245961] (-) TimerEvent: {}
[10.346634] (-) TimerEvent: {}
[10.447283] (-) TimerEvent: {}
[10.547965] (-) TimerEvent: {}
[10.648631] (-) TimerEvent: {}
[10.749316] (-) TimerEvent: {}
[10.849981] (-) TimerEvent: {}
[10.950667] (-) TimerEvent: {}
[11.051319] (-) TimerEvent: {}
[11.151962] (-) TimerEvent: {}
[11.252614] (-) TimerEvent: {}
[11.353351] (-) TimerEvent: {}
[11.454051] (-) TimerEvent: {}
[11.554730] (-) TimerEvent: {}
[11.655400] (-) TimerEvent: {}
[11.756067] (-) TimerEvent: {}
[11.856738] (-) TimerEvent: {}
[11.957443] (-) TimerEvent: {}
[12.058105] (-) TimerEvent: {}
[12.158767] (-) TimerEvent: {}
[12.259469] (-) TimerEvent: {}
[12.360366] (-) TimerEvent: {}
[12.461120] (-) TimerEvent: {}
[12.561859] (-) TimerEvent: {}
[12.662675] (-) TimerEvent: {}
[12.763673] (-) TimerEvent: {}
[12.864582] (-) TimerEvent: {}
[12.965527] (-) TimerEvent: {}
[13.066252] (-) TimerEvent: {}
[13.167117] (-) TimerEvent: {}
[13.268083] (-) TimerEvent: {}
[13.368838] (-) TimerEvent: {}
[13.469695] (-) TimerEvent: {}
[13.570571] (-) TimerEvent: {}
[13.671392] (-) TimerEvent: {}
[13.772207] (-) TimerEvent: {}
[13.873218] (-) TimerEvent: {}
[13.974197] (-) TimerEvent: {}
[14.074903] (-) TimerEvent: {}
[14.175587] (-) TimerEvent: {}
[14.276342] (-) TimerEvent: {}
[14.377076] (-) TimerEvent: {}
[14.477931] (-) TimerEvent: {}
[14.578699] (-) TimerEvent: {}
[14.679410] (-) TimerEvent: {}
[14.780209] (-) TimerEvent: {}
[14.880997] (-) TimerEvent: {}
[14.981848] (-) TimerEvent: {}
[15.082659] (-) TimerEvent: {}
[15.183430] (-) TimerEvent: {}
[15.284164] (-) TimerEvent: {}
[15.384993] (-) TimerEvent: {}
[15.485861] (-) TimerEvent: {}
[15.586733] (-) TimerEvent: {}
[15.687561] (-) TimerEvent: {}
[15.788398] (-) TimerEvent: {}
[15.889266] (-) TimerEvent: {}
[15.990157] (-) TimerEvent: {}
[16.091003] (-) TimerEvent: {}
[16.191847] (-) TimerEvent: {}
[16.292658] (-) TimerEvent: {}
[16.393563] (-) TimerEvent: {}
[16.494384] (-) TimerEvent: {}
[16.595203] (-) TimerEvent: {}
[16.696018] (-) TimerEvent: {}
[16.796809] (-) TimerEvent: {}
[16.897642] (-) TimerEvent: {}
[16.998478] (-) TimerEvent: {}
[17.099291] (-) TimerEvent: {}
[17.200093] (-) TimerEvent: {}
[17.300895] (-) TimerEvent: {}
[17.401724] (-) TimerEvent: {}
[17.502542] (-) TimerEvent: {}
[17.603362] (-) TimerEvent: {}
[17.704170] (-) TimerEvent: {}
[17.804969] (-) TimerEvent: {}
[17.905794] (-) TimerEvent: {}
[18.006612] (-) TimerEvent: {}
[18.107601] (-) TimerEvent: {}
[18.208637] (-) TimerEvent: {}
[18.309561] (-) TimerEvent: {}
[18.410346] (-) TimerEvent: {}
[18.511087] (-) TimerEvent: {}
[18.611937] (-) TimerEvent: {}
[18.712768] (-) TimerEvent: {}
[18.813593] (-) TimerEvent: {}
[18.914356] (-) TimerEvent: {}
[19.015066] (-) TimerEvent: {}
[19.115868] (-) TimerEvent: {}
[19.216641] (-) TimerEvent: {}
[19.317616] (-) TimerEvent: {}
[19.418411] (-) TimerEvent: {}
[19.519222] (-) TimerEvent: {}
[19.620028] (-) TimerEvent: {}
[19.720836] (-) TimerEvent: {}
[19.821794] (-) TimerEvent: {}
[19.922587] (-) TimerEvent: {}
[20.023391] (-) TimerEvent: {}
[20.124184] (-) TimerEvent: {}
[20.225016] (-) TimerEvent: {}
[20.325863] (-) TimerEvent: {}
[20.426658] (-) TimerEvent: {}
[20.527482] (-) TimerEvent: {}
[20.628278] (-) TimerEvent: {}
[20.729109] (-) TimerEvent: {}
[20.829963] (-) TimerEvent: {}
[20.930766] (-) TimerEvent: {}
[21.031582] (-) TimerEvent: {}
[21.132405] (-) TimerEvent: {}
[21.233241] (-) TimerEvent: {}
[21.334081] (-) TimerEvent: {}
[21.355584] (orbslam2_pointcloud_ros2) StderrLine: {'line': b'In file included from \x1b[01m\x1b[K/home/jetson/ws/orb-slam2/code/main/ORBSLAM2_with_pointcloudmap_AstraPro-main/ORBSLAM2_with_pointcloud_map/Thirdparty/g2o/g2o/types/types_seven_dof_expmap.h:34\x1b[m\x1b[K,\n'}
[21.356306] (orbslam2_pointcloud_ros2) StderrLine: {'line': b'                 from \x1b[01m\x1b[K/home/jetson/ws/orb-slam2/code/main/ORBSLAM2_with_pointcloudmap_AstraPro-main/ORBSLAM2_with_pointcloud_map/include/LoopClosing.h:34\x1b[m\x1b[K,\n'}
[21.356609] (orbslam2_pointcloud_ros2) StderrLine: {'line': b'                 from \x1b[01m\x1b[K/home/jetson/ws/orb-slam2/code/main/ORBSLAM2_with_pointcloudmap_AstraPro-main/ORBSLAM2_with_pointcloud_map/include/LocalMapping.h:26\x1b[m\x1b[K,\n'}
[21.356858] (orbslam2_pointcloud_ros2) StderrLine: {'line': b'                 from \x1b[01m\x1b[K/home/jetson/ws/orb-slam2/code/main/ORBSLAM2_with_pointcloudmap_AstraPro-main/ORBSLAM2_with_pointcloud_map/include/Tracking.h:31\x1b[m\x1b[K,\n'}
[21.357093] (orbslam2_pointcloud_ros2) StderrLine: {'line': b'                 from \x1b[01m\x1b[K/home/jetson/ws/orb-slam2/code/main/ORBSLAM2_with_pointcloudmap_AstraPro-main/ORBSLAM2_with_pointcloud_map/include/System.h:29\x1b[m\x1b[K,\n'}
[21.357401] (orbslam2_pointcloud_ros2) StderrLine: {'line': b'                 from \x1b[01m\x1b[K/home/jetson/ws/orb-slam2/code/ros2_orbslam2_pointcloud_map/src/orbslam2_pointcloud_ros2/src/rgbd_node.cpp:19\x1b[m\x1b[K:\n'}
[21.357643] (orbslam2_pointcloud_ros2) StderrLine: {'line': b'\x1b[01m\x1b[K/home/jetson/ws/orb-slam2/code/main/ORBSLAM2_with_pointcloudmap_AstraPro-main/ORBSLAM2_with_pointcloud_map/Thirdparty/g2o/g2o/types/../core/base_vertex.h:62:74:\x1b[m\x1b[K \x1b[01;35m\x1b[Kwarning: \x1b[m\x1b[K\xe2\x80\x98\x1b[01m\x1b[KEigen::AlignedBit\x1b[m\x1b[K\xe2\x80\x99 is deprecated [\x1b[01;35m\x1b[K\x1b]8;;https://gcc.gnu.org/onlinedocs/gcc/Warning-Options.html#index-Wdeprecated-declarations\x07-Wdeprecated-declarations\x1b]8;;\x07\x1b[m\x1b[K]\n'}
[21.357892] (orbslam2_pointcloud_ros2) StderrLine: {'line': b'   62 |     typedef Eigen::Map<Matrix<double, D, D>, Matrix<double,D,D>::Flags & \x1b[01;35m\x1b[KAlignedBit\x1b[m\x1b[K ? Aligned : Unaligned >  HessianBlockType;\n'}
[21.358114] (orbslam2_pointcloud_ros2) StderrLine: {'line': b'      |                                                                          \x1b[01;35m\x1b[K^~~~~~~~~~\x1b[m\x1b[K\n'}
[21.358326] (orbslam2_pointcloud_ros2) StderrLine: {'line': b'In file included from \x1b[01m\x1b[K/usr/local/include/eigen3/Eigen/Core:161\x1b[m\x1b[K,\n'}
[21.358531] (orbslam2_pointcloud_ros2) StderrLine: {'line': b'                 from \x1b[01m\x1b[K/usr/local/include/pangolin/display/opengl_render_state.h:40\x1b[m\x1b[K,\n'}
[21.358733] (orbslam2_pointcloud_ros2) StderrLine: {'line': b'                 from \x1b[01m\x1b[K/usr/local/include/pangolin/display/viewport.h:31\x1b[m\x1b[K,\n'}
[21.358934] (orbslam2_pointcloud_ros2) StderrLine: {'line': b'                 from \x1b[01m\x1b[K/usr/local/include/pangolin/gl/gl.h:30\x1b[m\x1b[K,\n'}
[21.359138] (orbslam2_pointcloud_ros2) StderrLine: {'line': b'                 from \x1b[01m\x1b[K/usr/local/include/pangolin/pangolin.h:33\x1b[m\x1b[K,\n'}
[21.359341] (orbslam2_pointcloud_ros2) StderrLine: {'line': b'                 from \x1b[01m\x1b[K/home/jetson/ws/orb-slam2/code/main/ORBSLAM2_with_pointcloudmap_AstraPro-main/ORBSLAM2_with_pointcloud_map/include/MapDrawer.h:27\x1b[m\x1b[K,\n'}
[21.359541] (orbslam2_pointcloud_ros2) StderrLine: {'line': b'                 from \x1b[01m\x1b[K/home/jetson/ws/orb-slam2/code/main/ORBSLAM2_with_pointcloudmap_AstraPro-main/ORBSLAM2_with_pointcloud_map/include/Viewer.h:26\x1b[m\x1b[K,\n'}
[21.359744] (orbslam2_pointcloud_ros2) StderrLine: {'line': b'                 from \x1b[01m\x1b[K/home/jetson/ws/orb-slam2/code/main/ORBSLAM2_with_pointcloudmap_AstraPro-main/ORBSLAM2_with_pointcloud_map/include/Tracking.h:28\x1b[m\x1b[K,\n'}
[21.359948] (orbslam2_pointcloud_ros2) StderrLine: {'line': b'                 from \x1b[01m\x1b[K/home/jetson/ws/orb-slam2/code/main/ORBSLAM2_with_pointcloudmap_AstraPro-main/ORBSLAM2_with_pointcloud_map/include/System.h:29\x1b[m\x1b[K,\n'}
[21.360180] (orbslam2_pointcloud_ros2) StderrLine: {'line': b'                 from \x1b[01m\x1b[K/home/jetson/ws/orb-slam2/code/ros2_orbslam2_pointcloud_map/src/orbslam2_pointcloud_ros2/src/rgbd_node.cpp:19\x1b[m\x1b[K:\n'}
[21.360410] (orbslam2_pointcloud_ros2) StderrLine: {'line': b'\x1b[01m\x1b[K/usr/local/include/eigen3/Eigen/src/Core/util/Constants.h:167:37:\x1b[m\x1b[K \x1b[01;36m\x1b[Knote: \x1b[m\x1b[Kdeclared here\n'}
[21.360615] (orbslam2_pointcloud_ros2) StderrLine: {'line': b'  167 | EIGEN_DEPRECATED const unsigned int \x1b[01;36m\x1b[KAlignedBit\x1b[m\x1b[K = 0x80;\n'}
[21.360815] (orbslam2_pointcloud_ros2) StderrLine: {'line': b'      |                                     \x1b[01;36m\x1b[K^~~~~~~~~~\x1b[m\x1b[K\n'}
[21.373805] (orbslam2_pointcloud_ros2) StderrLine: {'line': b'In file included from \x1b[01m\x1b[K/home/jetson/ws/orb-slam2/code/main/ORBSLAM2_with_pointcloudmap_AstraPro-main/ORBSLAM2_with_pointcloud_map/Thirdparty/g2o/g2o/types/types_seven_dof_expmap.h:35\x1b[m\x1b[K,\n'}
[21.374351] (orbslam2_pointcloud_ros2) StderrLine: {'line': b'                 from \x1b[01m\x1b[K/home/jetson/ws/orb-slam2/code/main/ORBSLAM2_with_pointcloudmap_AstraPro-main/ORBSLAM2_with_pointcloud_map/include/LoopClosing.h:34\x1b[m\x1b[K,\n'}
[21.374498] (orbslam2_pointcloud_ros2) StderrLine: {'line': b'                 from \x1b[01m\x1b[K/home/jetson/ws/orb-slam2/code/main/ORBSLAM2_with_pointcloudmap_AstraPro-main/ORBSLAM2_with_pointcloud_map/include/LocalMapping.h:26\x1b[m\x1b[K,\n'}
[21.374614] (orbslam2_pointcloud_ros2) StderrLine: {'line': b'                 from \x1b[01m\x1b[K/home/jetson/ws/orb-slam2/code/main/ORBSLAM2_with_pointcloudmap_AstraPro-main/ORBSLAM2_with_pointcloud_map/include/Tracking.h:31\x1b[m\x1b[K,\n'}
[21.374722] (orbslam2_pointcloud_ros2) StderrLine: {'line': b'                 from \x1b[01m\x1b[K/home/jetson/ws/orb-slam2/code/main/ORBSLAM2_with_pointcloudmap_AstraPro-main/ORBSLAM2_with_pointcloud_map/include/System.h:29\x1b[m\x1b[K,\n'}
[21.374871] (orbslam2_pointcloud_ros2) StderrLine: {'line': b'                 from \x1b[01m\x1b[K/home/jetson/ws/orb-slam2/code/ros2_orbslam2_pointcloud_map/src/orbslam2_pointcloud_ros2/src/rgbd_node.cpp:19\x1b[m\x1b[K:\n'}
[21.374977] (orbslam2_pointcloud_ros2) StderrLine: {'line': b'\x1b[01m\x1b[K/home/jetson/ws/orb-slam2/code/main/ORBSLAM2_with_pointcloudmap_AstraPro-main/ORBSLAM2_with_pointcloud_map/Thirdparty/g2o/g2o/types/../core/base_binary_edge.h:59:82:\x1b[m\x1b[K \x1b[01;35m\x1b[Kwarning: \x1b[m\x1b[K\xe2\x80\x98\x1b[01m\x1b[KEigen::AlignedBit\x1b[m\x1b[K\xe2\x80\x99 is deprecated [\x1b[01;35m\x1b[K\x1b]8;;https://gcc.gnu.org/onlinedocs/gcc/Warning-Options.html#index-Wdeprecated-declarations\x07-Wdeprecated-declarations\x1b]8;;\x07\x1b[m\x1b[K]\n'}
[21.375089] (orbslam2_pointcloud_ros2) StderrLine: {'line': b'   59 |       typedef Eigen::Map<Matrix<double, Di, Dj>, Matrix<double, Di, Dj>::Flags & \x1b[01;35m\x1b[KAlignedBit\x1b[m\x1b[K ? Aligned : Unaligned > HessianBlockType;\n'}
[21.375202] (orbslam2_pointcloud_ros2) StderrLine: {'line': b'      |                                                                                  \x1b[01;35m\x1b[K^~~~~~~~~~\x1b[m\x1b[K\n'}
[21.375305] (orbslam2_pointcloud_ros2) StderrLine: {'line': b'In file included from \x1b[01m\x1b[K/usr/local/include/eigen3/Eigen/Core:161\x1b[m\x1b[K,\n'}
[21.375405] (orbslam2_pointcloud_ros2) StderrLine: {'line': b'                 from \x1b[01m\x1b[K/usr/local/include/pangolin/display/opengl_render_state.h:40\x1b[m\x1b[K,\n'}
[21.375502] (orbslam2_pointcloud_ros2) StderrLine: {'line': b'                 from \x1b[01m\x1b[K/usr/local/include/pangolin/display/viewport.h:31\x1b[m\x1b[K,\n'}
[21.375597] (orbslam2_pointcloud_ros2) StderrLine: {'line': b'                 from \x1b[01m\x1b[K/usr/local/include/pangolin/gl/gl.h:30\x1b[m\x1b[K,\n'}
[21.375692] (orbslam2_pointcloud_ros2) StderrLine: {'line': b'                 from \x1b[01m\x1b[K/usr/local/include/pangolin/pangolin.h:33\x1b[m\x1b[K,\n'}
[21.375787] (orbslam2_pointcloud_ros2) StderrLine: {'line': b'                 from \x1b[01m\x1b[K/home/jetson/ws/orb-slam2/code/main/ORBSLAM2_with_pointcloudmap_AstraPro-main/ORBSLAM2_with_pointcloud_map/include/MapDrawer.h:27\x1b[m\x1b[K,\n'}
[21.375896] (orbslam2_pointcloud_ros2) StderrLine: {'line': b'                 from \x1b[01m\x1b[K/home/jetson/ws/orb-slam2/code/main/ORBSLAM2_with_pointcloudmap_AstraPro-main/ORBSLAM2_with_pointcloud_map/include/Viewer.h:26\x1b[m\x1b[K,\n'}
[21.375991] (orbslam2_pointcloud_ros2) StderrLine: {'line': b'                 from \x1b[01m\x1b[K/home/jetson/ws/orb-slam2/code/main/ORBSLAM2_with_pointcloudmap_AstraPro-main/ORBSLAM2_with_pointcloud_map/include/Tracking.h:28\x1b[m\x1b[K,\n'}
[21.376086] (orbslam2_pointcloud_ros2) StderrLine: {'line': b'                 from \x1b[01m\x1b[K/home/jetson/ws/orb-slam2/code/main/ORBSLAM2_with_pointcloudmap_AstraPro-main/ORBSLAM2_with_pointcloud_map/include/System.h:29\x1b[m\x1b[K,\n'}
[21.376181] (orbslam2_pointcloud_ros2) StderrLine: {'line': b'                 from \x1b[01m\x1b[K/home/jetson/ws/orb-slam2/code/ros2_orbslam2_pointcloud_map/src/orbslam2_pointcloud_ros2/src/rgbd_node.cpp:19\x1b[m\x1b[K:\n'}
[21.376275] (orbslam2_pointcloud_ros2) StderrLine: {'line': b'\x1b[01m\x1b[K/usr/local/include/eigen3/Eigen/src/Core/util/Constants.h:167:37:\x1b[m\x1b[K \x1b[01;36m\x1b[Knote: \x1b[m\x1b[Kdeclared here\n'}
[21.376368] (orbslam2_pointcloud_ros2) StderrLine: {'line': b'  167 | EIGEN_DEPRECATED const unsigned int \x1b[01;36m\x1b[KAlignedBit\x1b[m\x1b[K = 0x80;\n'}
[21.376461] (orbslam2_pointcloud_ros2) StderrLine: {'line': b'      |                                     \x1b[01;36m\x1b[K^~~~~~~~~~\x1b[m\x1b[K\n'}
[21.376554] (orbslam2_pointcloud_ros2) StderrLine: {'line': b'In file included from \x1b[01m\x1b[K/home/jetson/ws/orb-slam2/code/main/ORBSLAM2_with_pointcloudmap_AstraPro-main/ORBSLAM2_with_pointcloud_map/Thirdparty/g2o/g2o/types/types_seven_dof_expmap.h:35\x1b[m\x1b[K,\n'}
[21.376651] (orbslam2_pointcloud_ros2) StderrLine: {'line': b'                 from \x1b[01m\x1b[K/home/jetson/ws/orb-slam2/code/main/ORBSLAM2_with_pointcloudmap_AstraPro-main/ORBSLAM2_with_pointcloud_map/include/LoopClosing.h:34\x1b[m\x1b[K,\n'}
[21.376746] (orbslam2_pointcloud_ros2) StderrLine: {'line': b'                 from \x1b[01m\x1b[K/home/jetson/ws/orb-slam2/code/main/ORBSLAM2_with_pointcloudmap_AstraPro-main/ORBSLAM2_with_pointcloud_map/include/LocalMapping.h:26\x1b[m\x1b[K,\n'}
[21.376852] (orbslam2_pointcloud_ros2) StderrLine: {'line': b'                 from \x1b[01m\x1b[K/home/jetson/ws/orb-slam2/code/main/ORBSLAM2_with_pointcloudmap_AstraPro-main/ORBSLAM2_with_pointcloud_map/include/Tracking.h:31\x1b[m\x1b[K,\n'}
[21.376947] (orbslam2_pointcloud_ros2) StderrLine: {'line': b'                 from \x1b[01m\x1b[K/home/jetson/ws/orb-slam2/code/main/ORBSLAM2_with_pointcloudmap_AstraPro-main/ORBSLAM2_with_pointcloud_map/include/System.h:29\x1b[m\x1b[K,\n'}
[21.377039] (orbslam2_pointcloud_ros2) StderrLine: {'line': b'                 from \x1b[01m\x1b[K/home/jetson/ws/orb-slam2/code/ros2_orbslam2_pointcloud_map/src/orbslam2_pointcloud_ros2/src/rgbd_node.cpp:19\x1b[m\x1b[K:\n'}
[21.377131] (orbslam2_pointcloud_ros2) StderrLine: {'line': b'\x1b[01m\x1b[K/home/jetson/ws/orb-slam2/code/main/ORBSLAM2_with_pointcloudmap_AstraPro-main/ORBSLAM2_with_pointcloud_map/Thirdparty/g2o/g2o/types/../core/base_binary_edge.h:60:82:\x1b[m\x1b[K \x1b[01;35m\x1b[Kwarning: \x1b[m\x1b[K\xe2\x80\x98\x1b[01m\x1b[KEigen::AlignedBit\x1b[m\x1b[K\xe2\x80\x99 is deprecated [\x1b[01;35m\x1b[K\x1b]8;;https://gcc.gnu.org/onlinedocs/gcc/Warning-Options.html#index-Wdeprecated-declarations\x07-Wdeprecated-declarations\x1b]8;;\x07\x1b[m\x1b[K]\n'}
[21.377336] (orbslam2_pointcloud_ros2) StderrLine: {'line': b'   60 |       typedef Eigen::Map<Matrix<double, Dj, Di>, Matrix<double, Dj, Di>::Flags & \x1b[01;35m\x1b[KAlignedBit\x1b[m\x1b[K ? Aligned : Unaligned > HessianBlockTransposedType;\n'}
[21.377555] (orbslam2_pointcloud_ros2) StderrLine: {'line': b'      |                                                                                  \x1b[01;35m\x1b[K^~~~~~~~~~\x1b[m\x1b[K\n'}
[21.377765] (orbslam2_pointcloud_ros2) StderrLine: {'line': b'In file included from \x1b[01m\x1b[K/usr/local/include/eigen3/Eigen/Core:161\x1b[m\x1b[K,\n'}
[21.378015] (orbslam2_pointcloud_ros2) StderrLine: {'line': b'                 from \x1b[01m\x1b[K/usr/local/include/pangolin/display/opengl_render_state.h:40\x1b[m\x1b[K,\n'}
[21.378221] (orbslam2_pointcloud_ros2) StderrLine: {'line': b'                 from \x1b[01m\x1b[K/usr/local/include/pangolin/display/viewport.h:31\x1b[m\x1b[K,\n'}
[21.378422] (orbslam2_pointcloud_ros2) StderrLine: {'line': b'                 from \x1b[01m\x1b[K/usr/local/include/pangolin/gl/gl.h:30\x1b[m\x1b[K,\n'}
[21.378620] (orbslam2_pointcloud_ros2) StderrLine: {'line': b'                 from \x1b[01m\x1b[K/usr/local/include/pangolin/pangolin.h:33\x1b[m\x1b[K,\n'}
[21.378819] (orbslam2_pointcloud_ros2) StderrLine: {'line': b'                 from \x1b[01m\x1b[K/home/jetson/ws/orb-slam2/code/main/ORBSLAM2_with_pointcloudmap_AstraPro-main/ORBSLAM2_with_pointcloud_map/include/MapDrawer.h:27\x1b[m\x1b[K,\n'}
[21.379038] (orbslam2_pointcloud_ros2) StderrLine: {'line': b'                 from \x1b[01m\x1b[K/home/jetson/ws/orb-slam2/code/main/ORBSLAM2_with_pointcloudmap_AstraPro-main/ORBSLAM2_with_pointcloud_map/include/Viewer.h:26\x1b[m\x1b[K,\n'}
[21.379243] (orbslam2_pointcloud_ros2) StderrLine: {'line': b'                 from \x1b[01m\x1b[K/home/jetson/ws/orb-slam2/code/main/ORBSLAM2_with_pointcloudmap_AstraPro-main/ORBSLAM2_with_pointcloud_map/include/Tracking.h:28\x1b[m\x1b[K,\n'}
[21.379444] (orbslam2_pointcloud_ros2) StderrLine: {'line': b'                 from \x1b[01m\x1b[K/home/jetson/ws/orb-slam2/code/main/ORBSLAM2_with_pointcloudmap_AstraPro-main/ORBSLAM2_with_pointcloud_map/include/System.h:29\x1b[m\x1b[K,\n'}
[21.379644] (orbslam2_pointcloud_ros2) StderrLine: {'line': b'                 from \x1b[01m\x1b[K/home/jetson/ws/orb-slam2/code/ros2_orbslam2_pointcloud_map/src/orbslam2_pointcloud_ros2/src/rgbd_node.cpp:19\x1b[m\x1b[K:\n'}
[21.379772] (orbslam2_pointcloud_ros2) StderrLine: {'line': b'\x1b[01m\x1b[K/usr/local/include/eigen3/Eigen/src/Core/util/Constants.h:167:37:\x1b[m\x1b[K \x1b[01;36m\x1b[Knote: \x1b[m\x1b[Kdeclared here\n'}
[21.379868] (orbslam2_pointcloud_ros2) StderrLine: {'line': b'  167 | EIGEN_DEPRECATED const unsigned int \x1b[01;36m\x1b[KAlignedBit\x1b[m\x1b[K = 0x80;\n'}
[21.379962] (orbslam2_pointcloud_ros2) StderrLine: {'line': b'      |                                     \x1b[01;36m\x1b[K^~~~~~~~~~\x1b[m\x1b[K\n'}
[21.434181] (-) TimerEvent: {}
[21.534847] (-) TimerEvent: {}
[21.635624] (-) TimerEvent: {}
[21.736446] (-) TimerEvent: {}
[21.837289] (-) TimerEvent: {}
[21.938097] (-) TimerEvent: {}
[22.038913] (-) TimerEvent: {}
[22.139725] (-) TimerEvent: {}
[22.145087] (orbslam2_pointcloud_ros2) StderrLine: {'line': b'In file included from \x1b[01m\x1b[K/home/jetson/ws/orb-slam2/code/main/ORBSLAM2_with_pointcloudmap_AstraPro-main/ORBSLAM2_with_pointcloud_map/Thirdparty/g2o/g2o/types/types_seven_dof_expmap.h:34\x1b[m\x1b[K,\n'}
[22.145786] (orbslam2_pointcloud_ros2) StderrLine: {'line': b'                 from \x1b[01m\x1b[K/home/jetson/ws/orb-slam2/code/main/ORBSLAM2_with_pointcloudmap_AstraPro-main/ORBSLAM2_with_pointcloud_map/include/LoopClosing.h:34\x1b[m\x1b[K,\n'}
[22.146072] (orbslam2_pointcloud_ros2) StderrLine: {'line': b'                 from \x1b[01m\x1b[K/home/jetson/ws/orb-slam2/code/main/ORBSLAM2_with_pointcloudmap_AstraPro-main/ORBSLAM2_with_pointcloud_map/include/LocalMapping.h:26\x1b[m\x1b[K,\n'}
[22.146335] (orbslam2_pointcloud_ros2) StderrLine: {'line': b'                 from \x1b[01m\x1b[K/home/jetson/ws/orb-slam2/code/main/ORBSLAM2_with_pointcloudmap_AstraPro-main/ORBSLAM2_with_pointcloud_map/include/Tracking.h:31\x1b[m\x1b[K,\n'}
[22.146582] (orbslam2_pointcloud_ros2) StderrLine: {'line': b'                 from \x1b[01m\x1b[K/home/jetson/ws/orb-slam2/code/main/ORBSLAM2_with_pointcloudmap_AstraPro-main/ORBSLAM2_with_pointcloud_map/include/System.h:29\x1b[m\x1b[K,\n'}
[22.146808] (orbslam2_pointcloud_ros2) StderrLine: {'line': b'                 from \x1b[01m\x1b[K/home/jetson/ws/orb-slam2/code/ros2_orbslam2_pointcloud_map/src/orbslam2_pointcloud_ros2/src/rgbd_node.cpp:19\x1b[m\x1b[K:\n'}
[22.147099] (orbslam2_pointcloud_ros2) StderrLine: {'line': b'/home/jetson/ws/orb-slam2/code/main/ORBSLAM2_with_pointcloudmap_AstraPro-main/ORBSLAM2_with_pointcloud_map/Thirdparty/g2o/g2o/types/../core/base_vertex.h: In instantiation of \xe2\x80\x98\x1b[01m\x1b[Kclass g2o::BaseVertex<3, Eigen::Matrix<double, 3, 1> >\x1b[m\x1b[K\xe2\x80\x99:\n'}
[22.147328] (orbslam2_pointcloud_ros2) StderrLine: {'line': b'\x1b[01m\x1b[K/home/jetson/ws/orb-slam2/code/main/ORBSLAM2_with_pointcloudmap_AstraPro-main/ORBSLAM2_with_pointcloud_map/Thirdparty/g2o/g2o/types/types_sba.h:40:35:\x1b[m\x1b[K   required from here\n'}
[22.147582] (orbslam2_pointcloud_ros2) StderrLine: {'line': b'\x1b[01m\x1b[K/home/jetson/ws/orb-slam2/code/main/ORBSLAM2_with_pointcloudmap_AstraPro-main/ORBSLAM2_with_pointcloud_map/Thirdparty/g2o/g2o/types/../core/base_vertex.h:62:72:\x1b[m\x1b[K \x1b[01;35m\x1b[Kwarning: \x1b[m\x1b[K\xe2\x80\x98\x1b[01m\x1b[KEigen::AlignedBit\x1b[m\x1b[K\xe2\x80\x99 is deprecated [\x1b[01;35m\x1b[K\x1b]8;;https://gcc.gnu.org/onlinedocs/gcc/Warning-Options.html#index-Wdeprecated-declarations\x07-Wdeprecated-declarations\x1b]8;;\x07\x1b[m\x1b[K]\n'}
[22.147820] (orbslam2_pointcloud_ros2) StderrLine: {'line': b'   62 |     typedef Eigen::Map<Matrix<double, D, D>, Matrix<double,D,D>::\x1b[01;35m\x1b[KFlags & AlignedBit\x1b[m\x1b[K ? Aligned : Unaligned >  HessianBlockType;\n'}
[22.148040] (orbslam2_pointcloud_ros2) StderrLine: {'line': b'      |                                                                  \x1b[01;35m\x1b[K~~~~~~^~~~~~~~~~~~\x1b[m\x1b[K\n'}
[22.148250] (orbslam2_pointcloud_ros2) StderrLine: {'line': b'In file included from \x1b[01m\x1b[K/usr/local/include/eigen3/Eigen/Core:161\x1b[m\x1b[K,\n'}
[22.148454] (orbslam2_pointcloud_ros2) StderrLine: {'line': b'                 from \x1b[01m\x1b[K/usr/local/include/pangolin/display/opengl_render_state.h:40\x1b[m\x1b[K,\n'}
[22.148659] (orbslam2_pointcloud_ros2) StderrLine: {'line': b'                 from \x1b[01m\x1b[K/usr/local/include/pangolin/display/viewport.h:31\x1b[m\x1b[K,\n'}
[22.148862] (orbslam2_pointcloud_ros2) StderrLine: {'line': b'                 from \x1b[01m\x1b[K/usr/local/include/pangolin/gl/gl.h:30\x1b[m\x1b[K,\n'}
[22.149064] (orbslam2_pointcloud_ros2) StderrLine: {'line': b'                 from \x1b[01m\x1b[K/usr/local/include/pangolin/pangolin.h:33\x1b[m\x1b[K,\n'}
[22.149314] (orbslam2_pointcloud_ros2) StderrLine: {'line': b'                 from \x1b[01m\x1b[K/home/jetson/ws/orb-slam2/code/main/ORBSLAM2_with_pointcloudmap_AstraPro-main/ORBSLAM2_with_pointcloud_map/include/MapDrawer.h:27\x1b[m\x1b[K,\n'}
[22.149560] (orbslam2_pointcloud_ros2) StderrLine: {'line': b'                 from \x1b[01m\x1b[K/home/jetson/ws/orb-slam2/code/main/ORBSLAM2_with_pointcloudmap_AstraPro-main/ORBSLAM2_with_pointcloud_map/include/Viewer.h:26\x1b[m\x1b[K,\n'}
[22.149790] (orbslam2_pointcloud_ros2) StderrLine: {'line': b'                 from \x1b[01m\x1b[K/home/jetson/ws/orb-slam2/code/main/ORBSLAM2_with_pointcloudmap_AstraPro-main/ORBSLAM2_with_pointcloud_map/include/Tracking.h:28\x1b[m\x1b[K,\n'}
[22.150000] (orbslam2_pointcloud_ros2) StderrLine: {'line': b'                 from \x1b[01m\x1b[K/home/jetson/ws/orb-slam2/code/main/ORBSLAM2_with_pointcloudmap_AstraPro-main/ORBSLAM2_with_pointcloud_map/include/System.h:29\x1b[m\x1b[K,\n'}
[22.150206] (orbslam2_pointcloud_ros2) StderrLine: {'line': b'                 from \x1b[01m\x1b[K/home/jetson/ws/orb-slam2/code/ros2_orbslam2_pointcloud_map/src/orbslam2_pointcloud_ros2/src/rgbd_node.cpp:19\x1b[m\x1b[K:\n'}
[22.150412] (orbslam2_pointcloud_ros2) StderrLine: {'line': b'\x1b[01m\x1b[K/usr/local/include/eigen3/Eigen/src/Core/util/Constants.h:167:37:\x1b[m\x1b[K \x1b[01;36m\x1b[Knote: \x1b[m\x1b[Kdeclared here\n'}
[22.150618] (orbslam2_pointcloud_ros2) StderrLine: {'line': b'  167 | EIGEN_DEPRECATED const unsigned int \x1b[01;36m\x1b[KAlignedBit\x1b[m\x1b[K = 0x80;\n'}
[22.150820] (orbslam2_pointcloud_ros2) StderrLine: {'line': b'      |                                     \x1b[01;36m\x1b[K^~~~~~~~~~\x1b[m\x1b[K\n'}
[22.183239] (orbslam2_pointcloud_ros2) StderrLine: {'line': b'In file included from \x1b[01m\x1b[K/home/jetson/ws/orb-slam2/code/main/ORBSLAM2_with_pointcloudmap_AstraPro-main/ORBSLAM2_with_pointcloud_map/Thirdparty/g2o/g2o/types/types_seven_dof_expmap.h:34\x1b[m\x1b[K,\n'}
[22.183795] (orbslam2_pointcloud_ros2) StderrLine: {'line': b'                 from \x1b[01m\x1b[K/home/jetson/ws/orb-slam2/code/main/ORBSLAM2_with_pointcloudmap_AstraPro-main/ORBSLAM2_with_pointcloud_map/include/LoopClosing.h:34\x1b[m\x1b[K,\n'}
[22.184000] (orbslam2_pointcloud_ros2) StderrLine: {'line': b'                 from \x1b[01m\x1b[K/home/jetson/ws/orb-slam2/code/main/ORBSLAM2_with_pointcloudmap_AstraPro-main/ORBSLAM2_with_pointcloud_map/include/LocalMapping.h:26\x1b[m\x1b[K,\n'}
[22.184160] (orbslam2_pointcloud_ros2) StderrLine: {'line': b'                 from \x1b[01m\x1b[K/home/jetson/ws/orb-slam2/code/main/ORBSLAM2_with_pointcloudmap_AstraPro-main/ORBSLAM2_with_pointcloud_map/include/Tracking.h:31\x1b[m\x1b[K,\n'}
[22.184278] (orbslam2_pointcloud_ros2) StderrLine: {'line': b'                 from \x1b[01m\x1b[K/home/jetson/ws/orb-slam2/code/main/ORBSLAM2_with_pointcloudmap_AstraPro-main/ORBSLAM2_with_pointcloud_map/include/System.h:29\x1b[m\x1b[K,\n'}
[22.184386] (orbslam2_pointcloud_ros2) StderrLine: {'line': b'                 from \x1b[01m\x1b[K/home/jetson/ws/orb-slam2/code/ros2_orbslam2_pointcloud_map/src/orbslam2_pointcloud_ros2/src/rgbd_node.cpp:19\x1b[m\x1b[K:\n'}
[22.184490] (orbslam2_pointcloud_ros2) StderrLine: {'line': b'/home/jetson/ws/orb-slam2/code/main/ORBSLAM2_with_pointcloudmap_AstraPro-main/ORBSLAM2_with_pointcloud_map/Thirdparty/g2o/g2o/types/../core/base_vertex.h: In instantiation of \xe2\x80\x98\x1b[01m\x1b[Kclass g2o::BaseVertex<6, g2o::SE3Quat>\x1b[m\x1b[K\xe2\x80\x99:\n'}
[22.184595] (orbslam2_pointcloud_ros2) StderrLine: {'line': b'\x1b[01m\x1b[K/home/jetson/ws/orb-slam2/code/main/ORBSLAM2_with_pointcloudmap_AstraPro-main/ORBSLAM2_with_pointcloud_map/Thirdparty/g2o/g2o/types/types_six_dof_expmap.h:59:33:\x1b[m\x1b[K   required from here\n'}
[22.184698] (orbslam2_pointcloud_ros2) StderrLine: {'line': b'\x1b[01m\x1b[K/home/jetson/ws/orb-slam2/code/main/ORBSLAM2_with_pointcloudmap_AstraPro-main/ORBSLAM2_with_pointcloud_map/Thirdparty/g2o/g2o/types/../core/base_vertex.h:62:72:\x1b[m\x1b[K \x1b[01;35m\x1b[Kwarning: \x1b[m\x1b[K\xe2\x80\x98\x1b[01m\x1b[KEigen::AlignedBit\x1b[m\x1b[K\xe2\x80\x99 is deprecated [\x1b[01;35m\x1b[K\x1b]8;;https://gcc.gnu.org/onlinedocs/gcc/Warning-Options.html#index-Wdeprecated-declarations\x07-Wdeprecated-declarations\x1b]8;;\x07\x1b[m\x1b[K]\n'}
[22.184850] (orbslam2_pointcloud_ros2) StderrLine: {'line': b'   62 |     typedef Eigen::Map<Matrix<double, D, D>, Matrix<double,D,D>::\x1b[01;35m\x1b[KFlags & AlignedBit\x1b[m\x1b[K ? Aligned : Unaligned >  HessianBlockType;\n'}
[22.184952] (orbslam2_pointcloud_ros2) StderrLine: {'line': b'      |                                                                  \x1b[01;35m\x1b[K~~~~~~^~~~~~~~~~~~\x1b[m\x1b[K\n'}
[22.185051] (orbslam2_pointcloud_ros2) StderrLine: {'line': b'In file included from \x1b[01m\x1b[K/usr/local/include/eigen3/Eigen/Core:161\x1b[m\x1b[K,\n'}
[22.185147] (orbslam2_pointcloud_ros2) StderrLine: {'line': b'                 from \x1b[01m\x1b[K/usr/local/include/pangolin/display/opengl_render_state.h:40\x1b[m\x1b[K,\n'}
[22.185280] (orbslam2_pointcloud_ros2) StderrLine: {'line': b'                 from \x1b[01m\x1b[K/usr/local/include/pangolin/display/viewport.h:31\x1b[m\x1b[K,\n'}
[22.185380] (orbslam2_pointcloud_ros2) StderrLine: {'line': b'                 from \x1b[01m\x1b[K/usr/local/include/pangolin/gl/gl.h:30\x1b[m\x1b[K,\n'}
[22.185479] (orbslam2_pointcloud_ros2) StderrLine: {'line': b'                 from \x1b[01m\x1b[K/usr/local/include/pangolin/pangolin.h:33\x1b[m\x1b[K,\n'}
[22.185576] (orbslam2_pointcloud_ros2) StderrLine: {'line': b'                 from \x1b[01m\x1b[K/home/jetson/ws/orb-slam2/code/main/ORBSLAM2_with_pointcloudmap_AstraPro-main/ORBSLAM2_with_pointcloud_map/include/MapDrawer.h:27\x1b[m\x1b[K,\n'}
[22.185694] (orbslam2_pointcloud_ros2) StderrLine: {'line': b'                 from \x1b[01m\x1b[K/home/jetson/ws/orb-slam2/code/main/ORBSLAM2_with_pointcloudmap_AstraPro-main/ORBSLAM2_with_pointcloud_map/include/Viewer.h:26\x1b[m\x1b[K,\n'}
[22.185792] (orbslam2_pointcloud_ros2) StderrLine: {'line': b'                 from \x1b[01m\x1b[K/home/jetson/ws/orb-slam2/code/main/ORBSLAM2_with_pointcloudmap_AstraPro-main/ORBSLAM2_with_pointcloud_map/include/Tracking.h:28\x1b[m\x1b[K,\n'}
[22.185888] (orbslam2_pointcloud_ros2) StderrLine: {'line': b'                 from \x1b[01m\x1b[K/home/jetson/ws/orb-slam2/code/main/ORBSLAM2_with_pointcloudmap_AstraPro-main/ORBSLAM2_with_pointcloud_map/include/System.h:29\x1b[m\x1b[K,\n'}
[22.186015] (orbslam2_pointcloud_ros2) StderrLine: {'line': b'                 from \x1b[01m\x1b[K/home/jetson/ws/orb-slam2/code/ros2_orbslam2_pointcloud_map/src/orbslam2_pointcloud_ros2/src/rgbd_node.cpp:19\x1b[m\x1b[K:\n'}
[22.186116] (orbslam2_pointcloud_ros2) StderrLine: {'line': b'\x1b[01m\x1b[K/usr/local/include/eigen3/Eigen/src/Core/util/Constants.h:167:37:\x1b[m\x1b[K \x1b[01;36m\x1b[Knote: \x1b[m\x1b[Kdeclared here\n'}
[22.186214] (orbslam2_pointcloud_ros2) StderrLine: {'line': b'  167 | EIGEN_DEPRECATED const unsigned int \x1b[01;36m\x1b[KAlignedBit\x1b[m\x1b[K = 0x80;\n'}
[22.186309] (orbslam2_pointcloud_ros2) StderrLine: {'line': b'      |                                     \x1b[01;36m\x1b[K^~~~~~~~~~\x1b[m\x1b[K\n'}
[22.239919] (-) TimerEvent: {}
[22.340743] (-) TimerEvent: {}
[22.359523] (orbslam2_pointcloud_ros2) StderrLine: {'line': b'In file included from \x1b[01m\x1b[K/home/jetson/ws/orb-slam2/code/main/ORBSLAM2_with_pointcloudmap_AstraPro-main/ORBSLAM2_with_pointcloud_map/Thirdparty/g2o/g2o/types/types_seven_dof_expmap.h:35\x1b[m\x1b[K,\n'}
[22.360209] (orbslam2_pointcloud_ros2) StderrLine: {'line': b'                 from \x1b[01m\x1b[K/home/jetson/ws/orb-slam2/code/main/ORBSLAM2_with_pointcloudmap_AstraPro-main/ORBSLAM2_with_pointcloud_map/include/LoopClosing.h:34\x1b[m\x1b[K,\n'}
[22.360498] (orbslam2_pointcloud_ros2) StderrLine: {'line': b'                 from \x1b[01m\x1b[K/home/jetson/ws/orb-slam2/code/main/ORBSLAM2_with_pointcloudmap_AstraPro-main/ORBSLAM2_with_pointcloud_map/include/LocalMapping.h:26\x1b[m\x1b[K,\n'}
[22.360748] (orbslam2_pointcloud_ros2) StderrLine: {'line': b'                 from \x1b[01m\x1b[K/home/jetson/ws/orb-slam2/code/main/ORBSLAM2_with_pointcloudmap_AstraPro-main/ORBSLAM2_with_pointcloud_map/include/Tracking.h:31\x1b[m\x1b[K,\n'}
[22.360986] (orbslam2_pointcloud_ros2) StderrLine: {'line': b'                 from \x1b[01m\x1b[K/home/jetson/ws/orb-slam2/code/main/ORBSLAM2_with_pointcloudmap_AstraPro-main/ORBSLAM2_with_pointcloud_map/include/System.h:29\x1b[m\x1b[K,\n'}
[22.361248] (orbslam2_pointcloud_ros2) StderrLine: {'line': b'                 from \x1b[01m\x1b[K/home/jetson/ws/orb-slam2/code/ros2_orbslam2_pointcloud_map/src/orbslam2_pointcloud_ros2/src/rgbd_node.cpp:19\x1b[m\x1b[K:\n'}
[22.361491] (orbslam2_pointcloud_ros2) StderrLine: {'line': b'/home/jetson/ws/orb-slam2/code/main/ORBSLAM2_with_pointcloudmap_AstraPro-main/ORBSLAM2_with_pointcloud_map/Thirdparty/g2o/g2o/types/../core/base_binary_edge.h: In instantiation of \xe2\x80\x98\x1b[01m\x1b[Kclass g2o::BaseBinaryEdge<2, Eigen::Matrix<double, 2, 1>, g2o::VertexSBAPointXYZ, g2o::VertexSE3Expmap>\x1b[m\x1b[K\xe2\x80\x99:\n'}
[22.361722] (orbslam2_pointcloud_ros2) StderrLine: {'line': b'\x1b[01m\x1b[K/home/jetson/ws/orb-slam2/code/main/ORBSLAM2_with_pointcloudmap_AstraPro-main/ORBSLAM2_with_pointcloud_map/Thirdparty/g2o/g2o/types/types_six_dof_expmap.h:80:35:\x1b[m\x1b[K   required from here\n'}
[22.361941] (orbslam2_pointcloud_ros2) StderrLine: {'line': b'\x1b[01m\x1b[K/home/jetson/ws/orb-slam2/code/main/ORBSLAM2_with_pointcloudmap_AstraPro-main/ORBSLAM2_with_pointcloud_map/Thirdparty/g2o/g2o/types/../core/base_binary_edge.h:59:80:\x1b[m\x1b[K \x1b[01;35m\x1b[Kwarning: \x1b[m\x1b[K\xe2\x80\x98\x1b[01m\x1b[KEigen::AlignedBit\x1b[m\x1b[K\xe2\x80\x99 is deprecated [\x1b[01;35m\x1b[K\x1b]8;;https://gcc.gnu.org/onlinedocs/gcc/Warning-Options.html#index-Wdeprecated-declarations\x07-Wdeprecated-declarations\x1b]8;;\x07\x1b[m\x1b[K]\n'}
[22.362246] (orbslam2_pointcloud_ros2) StderrLine: {'line': b'   59 |       typedef Eigen::Map<Matrix<double, Di, Dj>, Matrix<double, Di, Dj>::\x1b[01;35m\x1b[KFlags & AlignedBit\x1b[m\x1b[K ? Aligned : Unaligned > HessianBlockType;\n'}
[22.362468] (orbslam2_pointcloud_ros2) StderrLine: {'line': b'      |                                                                          \x1b[01;35m\x1b[K~~~~~~^~~~~~~~~~~~\x1b[m\x1b[K\n'}
[22.362680] (orbslam2_pointcloud_ros2) StderrLine: {'line': b'In file included from \x1b[01m\x1b[K/usr/local/include/eigen3/Eigen/Core:161\x1b[m\x1b[K,\n'}
[22.362919] (orbslam2_pointcloud_ros2) StderrLine: {'line': b'                 from \x1b[01m\x1b[K/usr/local/include/pangolin/display/opengl_render_state.h:40\x1b[m\x1b[K,\n'}
[22.363128] (orbslam2_pointcloud_ros2) StderrLine: {'line': b'                 from \x1b[01m\x1b[K/usr/local/include/pangolin/display/viewport.h:31\x1b[m\x1b[K,\n'}
[22.363333] (orbslam2_pointcloud_ros2) StderrLine: {'line': b'                 from \x1b[01m\x1b[K/usr/local/include/pangolin/gl/gl.h:30\x1b[m\x1b[K,\n'}
[22.363536] (orbslam2_pointcloud_ros2) StderrLine: {'line': b'                 from \x1b[01m\x1b[K/usr/local/include/pangolin/pangolin.h:33\x1b[m\x1b[K,\n'}
[22.363735] (orbslam2_pointcloud_ros2) StderrLine: {'line': b'                 from \x1b[01m\x1b[K/home/jetson/ws/orb-slam2/code/main/ORBSLAM2_with_pointcloudmap_AstraPro-main/ORBSLAM2_with_pointcloud_map/include/MapDrawer.h:27\x1b[m\x1b[K,\n'}
[22.363937] (orbslam2_pointcloud_ros2) StderrLine: {'line': b'                 from \x1b[01m\x1b[K/home/jetson/ws/orb-slam2/code/main/ORBSLAM2_with_pointcloudmap_AstraPro-main/ORBSLAM2_with_pointcloud_map/include/Viewer.h:26\x1b[m\x1b[K,\n'}
[22.364139] (orbslam2_pointcloud_ros2) StderrLine: {'line': b'                 from \x1b[01m\x1b[K/home/jetson/ws/orb-slam2/code/main/ORBSLAM2_with_pointcloudmap_AstraPro-main/ORBSLAM2_with_pointcloud_map/include/Tracking.h:28\x1b[m\x1b[K,\n'}
[22.364335] (orbslam2_pointcloud_ros2) StderrLine: {'line': b'                 from \x1b[01m\x1b[K/home/jetson/ws/orb-slam2/code/main/ORBSLAM2_with_pointcloudmap_AstraPro-main/ORBSLAM2_with_pointcloud_map/include/System.h:29\x1b[m\x1b[K,\n'}
[22.364531] (orbslam2_pointcloud_ros2) StderrLine: {'line': b'                 from \x1b[01m\x1b[K/home/jetson/ws/orb-slam2/code/ros2_orbslam2_pointcloud_map/src/orbslam2_pointcloud_ros2/src/rgbd_node.cpp:19\x1b[m\x1b[K:\n'}
[22.364765] (orbslam2_pointcloud_ros2) StderrLine: {'line': b'\x1b[01m\x1b[K/usr/local/include/eigen3/Eigen/src/Core/util/Constants.h:167:37:\x1b[m\x1b[K \x1b[01;36m\x1b[Knote: \x1b[m\x1b[Kdeclared here\n'}
[22.364979] (orbslam2_pointcloud_ros2) StderrLine: {'line': b'  167 | EIGEN_DEPRECATED const unsigned int \x1b[01;36m\x1b[KAlignedBit\x1b[m\x1b[K = 0x80;\n'}
[22.365204] (orbslam2_pointcloud_ros2) StderrLine: {'line': b'      |                                     \x1b[01;36m\x1b[K^~~~~~~~~~\x1b[m\x1b[K\n'}
[22.388133] (orbslam2_pointcloud_ros2) StderrLine: {'line': b'In file included from \x1b[01m\x1b[K/home/jetson/ws/orb-slam2/code/main/ORBSLAM2_with_pointcloudmap_AstraPro-main/ORBSLAM2_with_pointcloud_map/Thirdparty/g2o/g2o/types/types_seven_dof_expmap.h:35\x1b[m\x1b[K,\n'}
[22.388803] (orbslam2_pointcloud_ros2) StderrLine: {'line': b'                 from \x1b[01m\x1b[K/home/jetson/ws/orb-slam2/code/main/ORBSLAM2_with_pointcloudmap_AstraPro-main/ORBSLAM2_with_pointcloud_map/include/LoopClosing.h:34\x1b[m\x1b[K,\n'}
[22.389081] (orbslam2_pointcloud_ros2) StderrLine: {'line': b'                 from \x1b[01m\x1b[K/home/jetson/ws/orb-slam2/code/main/ORBSLAM2_with_pointcloudmap_AstraPro-main/ORBSLAM2_with_pointcloud_map/include/LocalMapping.h:26\x1b[m\x1b[K,\n'}
[22.389367] (orbslam2_pointcloud_ros2) StderrLine: {'line': b'                 from \x1b[01m\x1b[K/home/jetson/ws/orb-slam2/code/main/ORBSLAM2_with_pointcloudmap_AstraPro-main/ORBSLAM2_with_pointcloud_map/include/Tracking.h:31\x1b[m\x1b[K,\n'}
[22.389661] (orbslam2_pointcloud_ros2) StderrLine: {'line': b'                 from \x1b[01m\x1b[K/home/jetson/ws/orb-slam2/code/main/ORBSLAM2_with_pointcloudmap_AstraPro-main/ORBSLAM2_with_pointcloud_map/include/System.h:29\x1b[m\x1b[K,\n'}
[22.389883] (orbslam2_pointcloud_ros2) StderrLine: {'line': b'                 from \x1b[01m\x1b[K/home/jetson/ws/orb-slam2/code/ros2_orbslam2_pointcloud_map/src/orbslam2_pointcloud_ros2/src/rgbd_node.cpp:19\x1b[m\x1b[K:\n'}
[22.390097] (orbslam2_pointcloud_ros2) StderrLine: {'line': b'\x1b[01m\x1b[K/home/jetson/ws/orb-slam2/code/main/ORBSLAM2_with_pointcloudmap_AstraPro-main/ORBSLAM2_with_pointcloud_map/Thirdparty/g2o/g2o/types/../core/base_binary_edge.h:60:80:\x1b[m\x1b[K \x1b[01;35m\x1b[Kwarning: \x1b[m\x1b[K\xe2\x80\x98\x1b[01m\x1b[KEigen::AlignedBit\x1b[m\x1b[K\xe2\x80\x99 is deprecated [\x1b[01;35m\x1b[K\x1b]8;;https://gcc.gnu.org/onlinedocs/gcc/Warning-Options.html#index-Wdeprecated-declarations\x07-Wdeprecated-declarations\x1b]8;;\x07\x1b[m\x1b[K]\n'}
[22.390330] (orbslam2_pointcloud_ros2) StderrLine: {'line': b'   60 |       typedef Eigen::Map<Matrix<double, Dj, Di>, Matrix<double, Dj, Di>::\x1b[01;35m\x1b[KFlags & AlignedBit\x1b[m\x1b[K ? Aligned : Unaligned > HessianBlockTransposedType;\n'}
[22.390543] (orbslam2_pointcloud_ros2) StderrLine: {'line': b'      |                                                                          \x1b[01;35m\x1b[K~~~~~~^~~~~~~~~~~~\x1b[m\x1b[K\n'}
[22.390751] (orbslam2_pointcloud_ros2) StderrLine: {'line': b'In file included from \x1b[01m\x1b[K/usr/local/include/eigen3/Eigen/Core:161\x1b[m\x1b[K,\n'}
[22.390961] (orbslam2_pointcloud_ros2) StderrLine: {'line': b'                 from \x1b[01m\x1b[K/usr/local/include/pangolin/display/opengl_render_state.h:40\x1b[m\x1b[K,\n'}
[22.391170] (orbslam2_pointcloud_ros2) StderrLine: {'line': b'                 from \x1b[01m\x1b[K/usr/local/include/pangolin/display/viewport.h:31\x1b[m\x1b[K,\n'}
[22.391375] (orbslam2_pointcloud_ros2) StderrLine: {'line': b'                 from \x1b[01m\x1b[K/usr/local/include/pangolin/gl/gl.h:30\x1b[m\x1b[K,\n'}
[22.391576] (orbslam2_pointcloud_ros2) StderrLine: {'line': b'                 from \x1b[01m\x1b[K/usr/local/include/pangolin/pangolin.h:33\x1b[m\x1b[K,\n'}
[22.391777] (orbslam2_pointcloud_ros2) StderrLine: {'line': b'                 from \x1b[01m\x1b[K/home/jetson/ws/orb-slam2/code/main/ORBSLAM2_with_pointcloudmap_AstraPro-main/ORBSLAM2_with_pointcloud_map/include/MapDrawer.h:27\x1b[m\x1b[K,\n'}
[22.391978] (orbslam2_pointcloud_ros2) StderrLine: {'line': b'                 from \x1b[01m\x1b[K/home/jetson/ws/orb-slam2/code/main/ORBSLAM2_with_pointcloudmap_AstraPro-main/ORBSLAM2_with_pointcloud_map/include/Viewer.h:26\x1b[m\x1b[K,\n'}
[22.392179] (orbslam2_pointcloud_ros2) StderrLine: {'line': b'                 from \x1b[01m\x1b[K/home/jetson/ws/orb-slam2/code/main/ORBSLAM2_with_pointcloudmap_AstraPro-main/ORBSLAM2_with_pointcloud_map/include/Tracking.h:28\x1b[m\x1b[K,\n'}
[22.392380] (orbslam2_pointcloud_ros2) StderrLine: {'line': b'                 from \x1b[01m\x1b[K/home/jetson/ws/orb-slam2/code/main/ORBSLAM2_with_pointcloudmap_AstraPro-main/ORBSLAM2_with_pointcloud_map/include/System.h:29\x1b[m\x1b[K,\n'}
[22.392614] (orbslam2_pointcloud_ros2) StderrLine: {'line': b'                 from \x1b[01m\x1b[K/home/jetson/ws/orb-slam2/code/ros2_orbslam2_pointcloud_map/src/orbslam2_pointcloud_ros2/src/rgbd_node.cpp:19\x1b[m\x1b[K:\n'}
[22.392820] (orbslam2_pointcloud_ros2) StderrLine: {'line': b'\x1b[01m\x1b[K/usr/local/include/eigen3/Eigen/src/Core/util/Constants.h:167:37:\x1b[m\x1b[K \x1b[01;36m\x1b[Knote: \x1b[m\x1b[Kdeclared here\n'}
[22.393024] (orbslam2_pointcloud_ros2) StderrLine: {'line': b'  167 | EIGEN_DEPRECATED const unsigned int \x1b[01;36m\x1b[KAlignedBit\x1b[m\x1b[K = 0x80;\n'}
[22.393260] (orbslam2_pointcloud_ros2) StderrLine: {'line': b'      |                                     \x1b[01;36m\x1b[K^~~~~~~~~~\x1b[m\x1b[K\n'}
[22.440851] (-) TimerEvent: {}
[22.510129] (orbslam2_pointcloud_ros2) StderrLine: {'line': b'In file included from \x1b[01m\x1b[K/home/jetson/ws/orb-slam2/code/main/ORBSLAM2_with_pointcloudmap_AstraPro-main/ORBSLAM2_with_pointcloud_map/Thirdparty/g2o/g2o/types/types_seven_dof_expmap.h:35\x1b[m\x1b[K,\n'}
[22.511099] (orbslam2_pointcloud_ros2) StderrLine: {'line': b'                 from \x1b[01m\x1b[K/home/jetson/ws/orb-slam2/code/main/ORBSLAM2_with_pointcloudmap_AstraPro-main/ORBSLAM2_with_pointcloud_map/include/LoopClosing.h:34\x1b[m\x1b[K,\n'}
[22.511458] (orbslam2_pointcloud_ros2) StderrLine: {'line': b'                 from \x1b[01m\x1b[K/home/jetson/ws/orb-slam2/code/main/ORBSLAM2_with_pointcloudmap_AstraPro-main/ORBSLAM2_with_pointcloud_map/include/LocalMapping.h:26\x1b[m\x1b[K,\n'}
[22.511723] (orbslam2_pointcloud_ros2) StderrLine: {'line': b'                 from \x1b[01m\x1b[K/home/jetson/ws/orb-slam2/code/main/ORBSLAM2_with_pointcloudmap_AstraPro-main/ORBSLAM2_with_pointcloud_map/include/Tracking.h:31\x1b[m\x1b[K,\n'}
[22.511964] (orbslam2_pointcloud_ros2) StderrLine: {'line': b'                 from \x1b[01m\x1b[K/home/jetson/ws/orb-slam2/code/main/ORBSLAM2_with_pointcloudmap_AstraPro-main/ORBSLAM2_with_pointcloud_map/include/System.h:29\x1b[m\x1b[K,\n'}
[22.512211] (orbslam2_pointcloud_ros2) StderrLine: {'line': b'                 from \x1b[01m\x1b[K/home/jetson/ws/orb-slam2/code/ros2_orbslam2_pointcloud_map/src/orbslam2_pointcloud_ros2/src/rgbd_node.cpp:19\x1b[m\x1b[K:\n'}
[22.512469] (orbslam2_pointcloud_ros2) StderrLine: {'line': b'/home/jetson/ws/orb-slam2/code/main/ORBSLAM2_with_pointcloudmap_AstraPro-main/ORBSLAM2_with_pointcloud_map/Thirdparty/g2o/g2o/types/../core/base_binary_edge.h: In instantiation of \xe2\x80\x98\x1b[01m\x1b[Kclass g2o::BaseBinaryEdge<3, Eigen::Matrix<double, 3, 1>, g2o::VertexSBAPointXYZ, g2o::VertexSE3Expmap>\x1b[m\x1b[K\xe2\x80\x99:\n'}
[22.512703] (orbslam2_pointcloud_ros2) StderrLine: {'line': b'\x1b[01m\x1b[K/home/jetson/ws/orb-slam2/code/main/ORBSLAM2_with_pointcloudmap_AstraPro-main/ORBSLAM2_with_pointcloud_map/Thirdparty/g2o/g2o/types/types_six_dof_expmap.h:112:41:\x1b[m\x1b[K   required from here\n'}
[22.512922] (orbslam2_pointcloud_ros2) StderrLine: {'line': b'\x1b[01m\x1b[K/home/jetson/ws/orb-slam2/code/main/ORBSLAM2_with_pointcloudmap_AstraPro-main/ORBSLAM2_with_pointcloud_map/Thirdparty/g2o/g2o/types/../core/base_binary_edge.h:59:80:\x1b[m\x1b[K \x1b[01;35m\x1b[Kwarning: \x1b[m\x1b[K\xe2\x80\x98\x1b[01m\x1b[KEigen::AlignedBit\x1b[m\x1b[K\xe2\x80\x99 is deprecated [\x1b[01;35m\x1b[K\x1b]8;;https://gcc.gnu.org/onlinedocs/gcc/Warning-Options.html#index-Wdeprecated-declarations\x07-Wdeprecated-declarations\x1b]8;;\x07\x1b[m\x1b[K]\n'}
[22.513185] (orbslam2_pointcloud_ros2) StderrLine: {'line': b'   59 |       typedef Eigen::Map<Matrix<double, Di, Dj>, Matrix<double, Di, Dj>::\x1b[01;35m\x1b[KFlags & AlignedBit\x1b[m\x1b[K ? Aligned : Unaligned > HessianBlockType;\n'}
[22.513424] (orbslam2_pointcloud_ros2) StderrLine: {'line': b'      |                                                                          \x1b[01;35m\x1b[K~~~~~~^~~~~~~~~~~~\x1b[m\x1b[K\n'}
[22.513635] (orbslam2_pointcloud_ros2) StderrLine: {'line': b'In file included from \x1b[01m\x1b[K/usr/local/include/eigen3/Eigen/Core:161\x1b[m\x1b[K,\n'}
[22.513844] (orbslam2_pointcloud_ros2) StderrLine: {'line': b'                 from \x1b[01m\x1b[K/usr/local/include/pangolin/display/opengl_render_state.h:40\x1b[m\x1b[K,\n'}
[22.514067] (orbslam2_pointcloud_ros2) StderrLine: {'line': b'                 from \x1b[01m\x1b[K/usr/local/include/pangolin/display/viewport.h:31\x1b[m\x1b[K,\n'}
[22.514274] (orbslam2_pointcloud_ros2) StderrLine: {'line': b'                 from \x1b[01m\x1b[K/usr/local/include/pangolin/gl/gl.h:30\x1b[m\x1b[K,\n'}
[22.514478] (orbslam2_pointcloud_ros2) StderrLine: {'line': b'                 from \x1b[01m\x1b[K/usr/local/include/pangolin/pangolin.h:33\x1b[m\x1b[K,\n'}
[22.514681] (orbslam2_pointcloud_ros2) StderrLine: {'line': b'                 from \x1b[01m\x1b[K/home/jetson/ws/orb-slam2/code/main/ORBSLAM2_with_pointcloudmap_AstraPro-main/ORBSLAM2_with_pointcloud_map/include/MapDrawer.h:27\x1b[m\x1b[K,\n'}
[22.514915] (orbslam2_pointcloud_ros2) StderrLine: {'line': b'                 from \x1b[01m\x1b[K/home/jetson/ws/orb-slam2/code/main/ORBSLAM2_with_pointcloudmap_AstraPro-main/ORBSLAM2_with_pointcloud_map/include/Viewer.h:26\x1b[m\x1b[K,\n'}
[22.515118] (orbslam2_pointcloud_ros2) StderrLine: {'line': b'                 from \x1b[01m\x1b[K/home/jetson/ws/orb-slam2/code/main/ORBSLAM2_with_pointcloudmap_AstraPro-main/ORBSLAM2_with_pointcloud_map/include/Tracking.h:28\x1b[m\x1b[K,\n'}
[22.515320] (orbslam2_pointcloud_ros2) StderrLine: {'line': b'                 from \x1b[01m\x1b[K/home/jetson/ws/orb-slam2/code/main/ORBSLAM2_with_pointcloudmap_AstraPro-main/ORBSLAM2_with_pointcloud_map/include/System.h:29\x1b[m\x1b[K,\n'}
[22.515520] (orbslam2_pointcloud_ros2) StderrLine: {'line': b'                 from \x1b[01m\x1b[K/home/jetson/ws/orb-slam2/code/ros2_orbslam2_pointcloud_map/src/orbslam2_pointcloud_ros2/src/rgbd_node.cpp:19\x1b[m\x1b[K:\n'}
[22.515722] (orbslam2_pointcloud_ros2) StderrLine: {'line': b'\x1b[01m\x1b[K/usr/local/include/eigen3/Eigen/src/Core/util/Constants.h:167:37:\x1b[m\x1b[K \x1b[01;36m\x1b[Knote: \x1b[m\x1b[Kdeclared here\n'}
[22.515924] (orbslam2_pointcloud_ros2) StderrLine: {'line': b'  167 | EIGEN_DEPRECATED const unsigned int \x1b[01;36m\x1b[KAlignedBit\x1b[m\x1b[K = 0x80;\n'}
[22.516150] (orbslam2_pointcloud_ros2) StderrLine: {'line': b'      |                                     \x1b[01;36m\x1b[K^~~~~~~~~~\x1b[m\x1b[K\n'}
[22.516353] (orbslam2_pointcloud_ros2) StderrLine: {'line': b'In file included from \x1b[01m\x1b[K/home/jetson/ws/orb-slam2/code/main/ORBSLAM2_with_pointcloudmap_AstraPro-main/ORBSLAM2_with_pointcloud_map/Thirdparty/g2o/g2o/types/types_seven_dof_expmap.h:35\x1b[m\x1b[K,\n'}
[22.516557] (orbslam2_pointcloud_ros2) StderrLine: {'line': b'                 from \x1b[01m\x1b[K/home/jetson/ws/orb-slam2/code/main/ORBSLAM2_with_pointcloudmap_AstraPro-main/ORBSLAM2_with_pointcloud_map/include/LoopClosing.h:34\x1b[m\x1b[K,\n'}
[22.516758] (orbslam2_pointcloud_ros2) StderrLine: {'line': b'                 from \x1b[01m\x1b[K/home/jetson/ws/orb-slam2/code/main/ORBSLAM2_with_pointcloudmap_AstraPro-main/ORBSLAM2_with_pointcloud_map/include/LocalMapping.h:26\x1b[m\x1b[K,\n'}
[22.516980] (orbslam2_pointcloud_ros2) StderrLine: {'line': b'                 from \x1b[01m\x1b[K/home/jetson/ws/orb-slam2/code/main/ORBSLAM2_with_pointcloudmap_AstraPro-main/ORBSLAM2_with_pointcloud_map/include/Tracking.h:31\x1b[m\x1b[K,\n'}
[22.517220] (orbslam2_pointcloud_ros2) StderrLine: {'line': b'                 from \x1b[01m\x1b[K/home/jetson/ws/orb-slam2/code/main/ORBSLAM2_with_pointcloudmap_AstraPro-main/ORBSLAM2_with_pointcloud_map/include/System.h:29\x1b[m\x1b[K,\n'}
[22.517452] (orbslam2_pointcloud_ros2) StderrLine: {'line': b'                 from \x1b[01m\x1b[K/home/jetson/ws/orb-slam2/code/ros2_orbslam2_pointcloud_map/src/orbslam2_pointcloud_ros2/src/rgbd_node.cpp:19\x1b[m\x1b[K:\n'}
[22.517661] (orbslam2_pointcloud_ros2) StderrLine: {'line': b'\x1b[01m\x1b[K/home/jetson/ws/orb-slam2/code/main/ORBSLAM2_with_pointcloudmap_AstraPro-main/ORBSLAM2_with_pointcloud_map/Thirdparty/g2o/g2o/types/../core/base_binary_edge.h:60:80:\x1b[m\x1b[K \x1b[01;35m\x1b[Kwarning: \x1b[m\x1b[K\xe2\x80\x98\x1b[01m\x1b[KEigen::AlignedBit\x1b[m\x1b[K\xe2\x80\x99 is deprecated [\x1b[01;35m\x1b[K\x1b]8;;https://gcc.gnu.org/onlinedocs/gcc/Warning-Options.html#index-Wdeprecated-declarations\x07-Wdeprecated-declarations\x1b]8;;\x07\x1b[m\x1b[K]\n'}
[22.517909] (orbslam2_pointcloud_ros2) StderrLine: {'line': b'   60 |       typedef Eigen::Map<Matrix<double, Dj, Di>, Matrix<double, Dj, Di>::\x1b[01;35m\x1b[KFlags & AlignedBit\x1b[m\x1b[K ? Aligned : Unaligned > HessianBlockTransposedType;\n'}
[22.518122] (orbslam2_pointcloud_ros2) StderrLine: {'line': b'      |                                                                          \x1b[01;35m\x1b[K~~~~~~^~~~~~~~~~~~\x1b[m\x1b[K\n'}
[22.518325] (orbslam2_pointcloud_ros2) StderrLine: {'line': b'In file included from \x1b[01m\x1b[K/usr/local/include/eigen3/Eigen/Core:161\x1b[m\x1b[K,\n'}
[22.518548] (orbslam2_pointcloud_ros2) StderrLine: {'line': b'                 from \x1b[01m\x1b[K/usr/local/include/pangolin/display/opengl_render_state.h:40\x1b[m\x1b[K,\n'}
[22.518751] (orbslam2_pointcloud_ros2) StderrLine: {'line': b'                 from \x1b[01m\x1b[K/usr/local/include/pangolin/display/viewport.h:31\x1b[m\x1b[K,\n'}
[22.518952] (orbslam2_pointcloud_ros2) StderrLine: {'line': b'                 from \x1b[01m\x1b[K/usr/local/include/pangolin/gl/gl.h:30\x1b[m\x1b[K,\n'}
[22.519156] (orbslam2_pointcloud_ros2) StderrLine: {'line': b'                 from \x1b[01m\x1b[K/usr/local/include/pangolin/pangolin.h:33\x1b[m\x1b[K,\n'}
[22.519356] (orbslam2_pointcloud_ros2) StderrLine: {'line': b'                 from \x1b[01m\x1b[K/home/jetson/ws/orb-slam2/code/main/ORBSLAM2_with_pointcloudmap_AstraPro-main/ORBSLAM2_with_pointcloud_map/include/MapDrawer.h:27\x1b[m\x1b[K,\n'}
[22.519558] (orbslam2_pointcloud_ros2) StderrLine: {'line': b'                 from \x1b[01m\x1b[K/home/jetson/ws/orb-slam2/code/main/ORBSLAM2_with_pointcloudmap_AstraPro-main/ORBSLAM2_with_pointcloud_map/include/Viewer.h:26\x1b[m\x1b[K,\n'}
[22.519763] (orbslam2_pointcloud_ros2) StderrLine: {'line': b'                 from \x1b[01m\x1b[K/home/jetson/ws/orb-slam2/code/main/ORBSLAM2_with_pointcloudmap_AstraPro-main/ORBSLAM2_with_pointcloud_map/include/Tracking.h:28\x1b[m\x1b[K,\n'}
[22.519965] (orbslam2_pointcloud_ros2) StderrLine: {'line': b'                 from \x1b[01m\x1b[K/home/jetson/ws/orb-slam2/code/main/ORBSLAM2_with_pointcloudmap_AstraPro-main/ORBSLAM2_with_pointcloud_map/include/System.h:29\x1b[m\x1b[K,\n'}
[22.520163] (orbslam2_pointcloud_ros2) StderrLine: {'line': b'                 from \x1b[01m\x1b[K/home/jetson/ws/orb-slam2/code/ros2_orbslam2_pointcloud_map/src/orbslam2_pointcloud_ros2/src/rgbd_node.cpp:19\x1b[m\x1b[K:\n'}
[22.520361] (orbslam2_pointcloud_ros2) StderrLine: {'line': b'\x1b[01m\x1b[K/usr/local/include/eigen3/Eigen/src/Core/util/Constants.h:167:37:\x1b[m\x1b[K \x1b[01;36m\x1b[Knote: \x1b[m\x1b[Kdeclared here\n'}
[22.520560] (orbslam2_pointcloud_ros2) StderrLine: {'line': b'  167 | EIGEN_DEPRECATED const unsigned int \x1b[01;36m\x1b[KAlignedBit\x1b[m\x1b[K = 0x80;\n'}
[22.520756] (orbslam2_pointcloud_ros2) StderrLine: {'line': b'      |                                     \x1b[01;36m\x1b[K^~~~~~~~~~\x1b[m\x1b[K\n'}
[22.540954] (-) TimerEvent: {}
[22.641587] (-) TimerEvent: {}
[22.742424] (-) TimerEvent: {}
[22.843213] (-) TimerEvent: {}
[22.944020] (-) TimerEvent: {}
[23.044826] (-) TimerEvent: {}
[23.145684] (-) TimerEvent: {}
[23.246512] (-) TimerEvent: {}
[23.347346] (-) TimerEvent: {}
[23.448175] (-) TimerEvent: {}
[23.548983] (-) TimerEvent: {}
[23.649819] (-) TimerEvent: {}
[23.750616] (-) TimerEvent: {}
[23.851405] (-) TimerEvent: {}
[23.952226] (-) TimerEvent: {}
[24.052987] (-) TimerEvent: {}
[24.096836] (orbslam2_pointcloud_ros2) StderrLine: {'line': b'In file included from \x1b[01m\x1b[K/home/jetson/ws/orb-slam2/code/main/ORBSLAM2_with_pointcloudmap_AstraPro-main/ORBSLAM2_with_pointcloud_map/Thirdparty/g2o/g2o/types/types_seven_dof_expmap.h:34\x1b[m\x1b[K,\n'}
[24.097398] (orbslam2_pointcloud_ros2) StderrLine: {'line': b'                 from \x1b[01m\x1b[K/home/jetson/ws/orb-slam2/code/main/ORBSLAM2_with_pointcloudmap_AstraPro-main/ORBSLAM2_with_pointcloud_map/include/LoopClosing.h:34\x1b[m\x1b[K,\n'}
[24.097542] (orbslam2_pointcloud_ros2) StderrLine: {'line': b'                 from \x1b[01m\x1b[K/home/jetson/ws/orb-slam2/code/main/ORBSLAM2_with_pointcloudmap_AstraPro-main/ORBSLAM2_with_pointcloud_map/include/LocalMapping.h:26\x1b[m\x1b[K,\n'}
[24.097659] (orbslam2_pointcloud_ros2) StderrLine: {'line': b'                 from \x1b[01m\x1b[K/home/jetson/ws/orb-slam2/code/main/ORBSLAM2_with_pointcloudmap_AstraPro-main/ORBSLAM2_with_pointcloud_map/include/Tracking.h:31\x1b[m\x1b[K,\n'}
[24.097769] (orbslam2_pointcloud_ros2) StderrLine: {'line': b'                 from \x1b[01m\x1b[K/home/jetson/ws/orb-slam2/code/main/ORBSLAM2_with_pointcloudmap_AstraPro-main/ORBSLAM2_with_pointcloud_map/include/System.h:29\x1b[m\x1b[K,\n'}
[24.097929] (orbslam2_pointcloud_ros2) StderrLine: {'line': b'                 from \x1b[01m\x1b[K/home/jetson/ws/orb-slam2/code/ros2_orbslam2_pointcloud_map/src/orbslam2_pointcloud_ros2/src/rgbd_node.cpp:19\x1b[m\x1b[K:\n'}
[24.098035] (orbslam2_pointcloud_ros2) StderrLine: {'line': b'/home/jetson/ws/orb-slam2/code/main/ORBSLAM2_with_pointcloudmap_AstraPro-main/ORBSLAM2_with_pointcloud_map/Thirdparty/g2o/g2o/types/../core/base_vertex.h: In instantiation of \xe2\x80\x98\x1b[01m\x1b[Kclass g2o::BaseVertex<7, g2o::Sim3>\x1b[m\x1b[K\xe2\x80\x99:\n'}
[24.098153] (orbslam2_pointcloud_ros2) StderrLine: {'line': b'\x1b[01m\x1b[K/home/jetson/ws/orb-slam2/code/main/ORBSLAM2_with_pointcloudmap_AstraPro-main/ORBSLAM2_with_pointcloud_map/Thirdparty/g2o/g2o/types/types_seven_dof_expmap.h:48:35:\x1b[m\x1b[K   required from here\n'}
[24.098259] (orbslam2_pointcloud_ros2) StderrLine: {'line': b'\x1b[01m\x1b[K/home/jetson/ws/orb-slam2/code/main/ORBSLAM2_with_pointcloudmap_AstraPro-main/ORBSLAM2_with_pointcloud_map/Thirdparty/g2o/g2o/types/../core/base_vertex.h:62:72:\x1b[m\x1b[K \x1b[01;35m\x1b[Kwarning: \x1b[m\x1b[K\xe2\x80\x98\x1b[01m\x1b[KEigen::AlignedBit\x1b[m\x1b[K\xe2\x80\x99 is deprecated [\x1b[01;35m\x1b[K\x1b]8;;https://gcc.gnu.org/onlinedocs/gcc/Warning-Options.html#index-Wdeprecated-declarations\x07-Wdeprecated-declarations\x1b]8;;\x07\x1b[m\x1b[K]\n'}
[24.098371] (orbslam2_pointcloud_ros2) StderrLine: {'line': b'   62 |     typedef Eigen::Map<Matrix<double, D, D>, Matrix<double,D,D>::\x1b[01;35m\x1b[KFlags & AlignedBit\x1b[m\x1b[K ? Aligned : Unaligned >  HessianBlockType;\n'}
[24.098472] (orbslam2_pointcloud_ros2) StderrLine: {'line': b'      |                                                                  \x1b[01;35m\x1b[K~~~~~~^~~~~~~~~~~~\x1b[m\x1b[K\n'}
[24.098570] (orbslam2_pointcloud_ros2) StderrLine: {'line': b'In file included from \x1b[01m\x1b[K/usr/local/include/eigen3/Eigen/Core:161\x1b[m\x1b[K,\n'}
[24.098666] (orbslam2_pointcloud_ros2) StderrLine: {'line': b'                 from \x1b[01m\x1b[K/usr/local/include/pangolin/display/opengl_render_state.h:40\x1b[m\x1b[K,\n'}
[24.098775] (orbslam2_pointcloud_ros2) StderrLine: {'line': b'                 from \x1b[01m\x1b[K/usr/local/include/pangolin/display/viewport.h:31\x1b[m\x1b[K,\n'}
[24.098871] (orbslam2_pointcloud_ros2) StderrLine: {'line': b'                 from \x1b[01m\x1b[K/usr/local/include/pangolin/gl/gl.h:30\x1b[m\x1b[K,\n'}
[24.098966] (orbslam2_pointcloud_ros2) StderrLine: {'line': b'                 from \x1b[01m\x1b[K/usr/local/include/pangolin/pangolin.h:33\x1b[m\x1b[K,\n'}
[24.099060] (orbslam2_pointcloud_ros2) StderrLine: {'line': b'                 from \x1b[01m\x1b[K/home/jetson/ws/orb-slam2/code/main/ORBSLAM2_with_pointcloudmap_AstraPro-main/ORBSLAM2_with_pointcloud_map/include/MapDrawer.h:27\x1b[m\x1b[K,\n'}
[24.099154] (orbslam2_pointcloud_ros2) StderrLine: {'line': b'                 from \x1b[01m\x1b[K/home/jetson/ws/orb-slam2/code/main/ORBSLAM2_with_pointcloudmap_AstraPro-main/ORBSLAM2_with_pointcloud_map/include/Viewer.h:26\x1b[m\x1b[K,\n'}
[24.099249] (orbslam2_pointcloud_ros2) StderrLine: {'line': b'                 from \x1b[01m\x1b[K/home/jetson/ws/orb-slam2/code/main/ORBSLAM2_with_pointcloudmap_AstraPro-main/ORBSLAM2_with_pointcloud_map/include/Tracking.h:28\x1b[m\x1b[K,\n'}
[24.099343] (orbslam2_pointcloud_ros2) StderrLine: {'line': b'                 from \x1b[01m\x1b[K/home/jetson/ws/orb-slam2/code/main/ORBSLAM2_with_pointcloudmap_AstraPro-main/ORBSLAM2_with_pointcloud_map/include/System.h:29\x1b[m\x1b[K,\n'}
[24.099439] (orbslam2_pointcloud_ros2) StderrLine: {'line': b'                 from \x1b[01m\x1b[K/home/jetson/ws/orb-slam2/code/ros2_orbslam2_pointcloud_map/src/orbslam2_pointcloud_ros2/src/rgbd_node.cpp:19\x1b[m\x1b[K:\n'}
[24.099602] (orbslam2_pointcloud_ros2) StderrLine: {'line': b'\x1b[01m\x1b[K/usr/local/include/eigen3/Eigen/src/Core/util/Constants.h:167:37:\x1b[m\x1b[K \x1b[01;36m\x1b[Knote: \x1b[m\x1b[Kdeclared here\n'}
[24.099828] (orbslam2_pointcloud_ros2) StderrLine: {'line': b'  167 | EIGEN_DEPRECATED const unsigned int \x1b[01;36m\x1b[KAlignedBit\x1b[m\x1b[K = 0x80;\n'}
[24.100030] (orbslam2_pointcloud_ros2) StderrLine: {'line': b'      |                                     \x1b[01;36m\x1b[K^~~~~~~~~~\x1b[m\x1b[K\n'}
[24.153098] (-) TimerEvent: {}
[24.166787] (orbslam2_pointcloud_ros2) StderrLine: {'line': b'In file included from \x1b[01m\x1b[K/home/jetson/ws/orb-slam2/code/main/ORBSLAM2_with_pointcloudmap_AstraPro-main/ORBSLAM2_with_pointcloud_map/Thirdparty/g2o/g2o/types/types_seven_dof_expmap.h:35\x1b[m\x1b[K,\n'}
[24.167734] (orbslam2_pointcloud_ros2) StderrLine: {'line': b'                 from \x1b[01m\x1b[K/home/jetson/ws/orb-slam2/code/main/ORBSLAM2_with_pointcloudmap_AstraPro-main/ORBSLAM2_with_pointcloud_map/include/LoopClosing.h:34\x1b[m\x1b[K,\n'}
[24.168033] (orbslam2_pointcloud_ros2) StderrLine: {'line': b'                 from \x1b[01m\x1b[K/home/jetson/ws/orb-slam2/code/main/ORBSLAM2_with_pointcloudmap_AstraPro-main/ORBSLAM2_with_pointcloud_map/include/LocalMapping.h:26\x1b[m\x1b[K,\n'}
[24.168288] (orbslam2_pointcloud_ros2) StderrLine: {'line': b'                 from \x1b[01m\x1b[K/home/jetson/ws/orb-slam2/code/main/ORBSLAM2_with_pointcloudmap_AstraPro-main/ORBSLAM2_with_pointcloud_map/include/Tracking.h:31\x1b[m\x1b[K,\n'}
[24.168524] (orbslam2_pointcloud_ros2) StderrLine: {'line': b'                 from \x1b[01m\x1b[K/home/jetson/ws/orb-slam2/code/main/ORBSLAM2_with_pointcloudmap_AstraPro-main/ORBSLAM2_with_pointcloud_map/include/System.h:29\x1b[m\x1b[K,\n'}
[24.168750] (orbslam2_pointcloud_ros2) StderrLine: {'line': b'                 from \x1b[01m\x1b[K/home/jetson/ws/orb-slam2/code/ros2_orbslam2_pointcloud_map/src/orbslam2_pointcloud_ros2/src/rgbd_node.cpp:19\x1b[m\x1b[K:\n'}
[24.168970] (orbslam2_pointcloud_ros2) StderrLine: {'line': b'/home/jetson/ws/orb-slam2/code/main/ORBSLAM2_with_pointcloudmap_AstraPro-main/ORBSLAM2_with_pointcloud_map/Thirdparty/g2o/g2o/types/../core/base_binary_edge.h: In instantiation of \xe2\x80\x98\x1b[01m\x1b[Kclass g2o::BaseBinaryEdge<7, g2o::Sim3, g2o::VertexSim3Expmap, g2o::VertexSim3Expmap>\x1b[m\x1b[K\xe2\x80\x99:\n'}
[24.169333] (orbslam2_pointcloud_ros2) StderrLine: {'line': b'\x1b[01m\x1b[K/home/jetson/ws/orb-slam2/code/main/ORBSLAM2_with_pointcloudmap_AstraPro-main/ORBSLAM2_with_pointcloud_map/Thirdparty/g2o/g2o/types/types_seven_dof_expmap.h:99:27:\x1b[m\x1b[K   required from here\n'}
[24.169575] (orbslam2_pointcloud_ros2) StderrLine: {'line': b'\x1b[01m\x1b[K/home/jetson/ws/orb-slam2/code/main/ORBSLAM2_with_pointcloudmap_AstraPro-main/ORBSLAM2_with_pointcloud_map/Thirdparty/g2o/g2o/types/../core/base_binary_edge.h:59:80:\x1b[m\x1b[K \x1b[01;35m\x1b[Kwarning: \x1b[m\x1b[K\xe2\x80\x98\x1b[01m\x1b[KEigen::AlignedBit\x1b[m\x1b[K\xe2\x80\x99 is deprecated [\x1b[01;35m\x1b[K\x1b]8;;https://gcc.gnu.org/onlinedocs/gcc/Warning-Options.html#index-Wdeprecated-declarations\x07-Wdeprecated-declarations\x1b]8;;\x07\x1b[m\x1b[K]\n'}
[24.169813] (orbslam2_pointcloud_ros2) StderrLine: {'line': b'   59 |       typedef Eigen::Map<Matrix<double, Di, Dj>, Matrix<double, Di, Dj>::\x1b[01;35m\x1b[KFlags & AlignedBit\x1b[m\x1b[K ? Aligned : Unaligned > HessianBlockType;\n'}
[24.170028] (orbslam2_pointcloud_ros2) StderrLine: {'line': b'      |                                                                          \x1b[01;35m\x1b[K~~~~~~^~~~~~~~~~~~\x1b[m\x1b[K\n'}
[24.170235] (orbslam2_pointcloud_ros2) StderrLine: {'line': b'In file included from \x1b[01m\x1b[K/usr/local/include/eigen3/Eigen/Core:161\x1b[m\x1b[K,\n'}
[24.170439] (orbslam2_pointcloud_ros2) StderrLine: {'line': b'                 from \x1b[01m\x1b[K/usr/local/include/pangolin/display/opengl_render_state.h:40\x1b[m\x1b[K,\n'}
[24.170638] (orbslam2_pointcloud_ros2) StderrLine: {'line': b'                 from \x1b[01m\x1b[K/usr/local/include/pangolin/display/viewport.h:31\x1b[m\x1b[K,\n'}
[24.170835] (orbslam2_pointcloud_ros2) StderrLine: {'line': b'                 from \x1b[01m\x1b[K/usr/local/include/pangolin/gl/gl.h:30\x1b[m\x1b[K,\n'}
[24.171058] (orbslam2_pointcloud_ros2) StderrLine: {'line': b'                 from \x1b[01m\x1b[K/usr/local/include/pangolin/pangolin.h:33\x1b[m\x1b[K,\n'}
[24.171259] (orbslam2_pointcloud_ros2) StderrLine: {'line': b'                 from \x1b[01m\x1b[K/home/jetson/ws/orb-slam2/code/main/ORBSLAM2_with_pointcloudmap_AstraPro-main/ORBSLAM2_with_pointcloud_map/include/MapDrawer.h:27\x1b[m\x1b[K,\n'}
[24.171486] (orbslam2_pointcloud_ros2) StderrLine: {'line': b'                 from \x1b[01m\x1b[K/home/jetson/ws/orb-slam2/code/main/ORBSLAM2_with_pointcloudmap_AstraPro-main/ORBSLAM2_with_pointcloud_map/include/Viewer.h:26\x1b[m\x1b[K,\n'}
[24.171688] (orbslam2_pointcloud_ros2) StderrLine: {'line': b'                 from \x1b[01m\x1b[K/home/jetson/ws/orb-slam2/code/main/ORBSLAM2_with_pointcloudmap_AstraPro-main/ORBSLAM2_with_pointcloud_map/include/Tracking.h:28\x1b[m\x1b[K,\n'}
[24.171886] (orbslam2_pointcloud_ros2) StderrLine: {'line': b'                 from \x1b[01m\x1b[K/home/jetson/ws/orb-slam2/code/main/ORBSLAM2_with_pointcloudmap_AstraPro-main/ORBSLAM2_with_pointcloud_map/include/System.h:29\x1b[m\x1b[K,\n'}
[24.172083] (orbslam2_pointcloud_ros2) StderrLine: {'line': b'                 from \x1b[01m\x1b[K/home/jetson/ws/orb-slam2/code/ros2_orbslam2_pointcloud_map/src/orbslam2_pointcloud_ros2/src/rgbd_node.cpp:19\x1b[m\x1b[K:\n'}
[24.172283] (orbslam2_pointcloud_ros2) StderrLine: {'line': b'\x1b[01m\x1b[K/usr/local/include/eigen3/Eigen/src/Core/util/Constants.h:167:37:\x1b[m\x1b[K \x1b[01;36m\x1b[Knote: \x1b[m\x1b[Kdeclared here\n'}
[24.172482] (orbslam2_pointcloud_ros2) StderrLine: {'line': b'  167 | EIGEN_DEPRECATED const unsigned int \x1b[01;36m\x1b[KAlignedBit\x1b[m\x1b[K = 0x80;\n'}
[24.172680] (orbslam2_pointcloud_ros2) StderrLine: {'line': b'      |                                     \x1b[01;36m\x1b[K^~~~~~~~~~\x1b[m\x1b[K\n'}
[24.172878] (orbslam2_pointcloud_ros2) StderrLine: {'line': b'In file included from \x1b[01m\x1b[K/home/jetson/ws/orb-slam2/code/main/ORBSLAM2_with_pointcloudmap_AstraPro-main/ORBSLAM2_with_pointcloud_map/Thirdparty/g2o/g2o/types/types_seven_dof_expmap.h:35\x1b[m\x1b[K,\n'}
[24.173080] (orbslam2_pointcloud_ros2) StderrLine: {'line': b'                 from \x1b[01m\x1b[K/home/jetson/ws/orb-slam2/code/main/ORBSLAM2_with_pointcloudmap_AstraPro-main/ORBSLAM2_with_pointcloud_map/include/LoopClosing.h:34\x1b[m\x1b[K,\n'}
[24.173408] (orbslam2_pointcloud_ros2) StderrLine: {'line': b'                 from \x1b[01m\x1b[K/home/jetson/ws/orb-slam2/code/main/ORBSLAM2_with_pointcloudmap_AstraPro-main/ORBSLAM2_with_pointcloud_map/include/LocalMapping.h:26\x1b[m\x1b[K,\n'}
[24.173646] (orbslam2_pointcloud_ros2) StderrLine: {'line': b'                 from \x1b[01m\x1b[K/home/jetson/ws/orb-slam2/code/main/ORBSLAM2_with_pointcloudmap_AstraPro-main/ORBSLAM2_with_pointcloud_map/include/Tracking.h:31\x1b[m\x1b[K,\n'}
[24.173865] (orbslam2_pointcloud_ros2) StderrLine: {'line': b'                 from \x1b[01m\x1b[K/home/jetson/ws/orb-slam2/code/main/ORBSLAM2_with_pointcloudmap_AstraPro-main/ORBSLAM2_with_pointcloud_map/include/System.h:29\x1b[m\x1b[K,\n'}
[24.174073] (orbslam2_pointcloud_ros2) StderrLine: {'line': b'                 from \x1b[01m\x1b[K/home/jetson/ws/orb-slam2/code/ros2_orbslam2_pointcloud_map/src/orbslam2_pointcloud_ros2/src/rgbd_node.cpp:19\x1b[m\x1b[K:\n'}
[24.174280] (orbslam2_pointcloud_ros2) StderrLine: {'line': b'\x1b[01m\x1b[K/home/jetson/ws/orb-slam2/code/main/ORBSLAM2_with_pointcloudmap_AstraPro-main/ORBSLAM2_with_pointcloud_map/Thirdparty/g2o/g2o/types/../core/base_binary_edge.h:60:80:\x1b[m\x1b[K \x1b[01;35m\x1b[Kwarning: \x1b[m\x1b[K\xe2\x80\x98\x1b[01m\x1b[KEigen::AlignedBit\x1b[m\x1b[K\xe2\x80\x99 is deprecated [\x1b[01;35m\x1b[K\x1b]8;;https://gcc.gnu.org/onlinedocs/gcc/Warning-Options.html#index-Wdeprecated-declarations\x07-Wdeprecated-declarations\x1b]8;;\x07\x1b[m\x1b[K]\n'}
[24.174505] (orbslam2_pointcloud_ros2) StderrLine: {'line': b'   60 |       typedef Eigen::Map<Matrix<double, Dj, Di>, Matrix<double, Dj, Di>::\x1b[01;35m\x1b[KFlags & AlignedBit\x1b[m\x1b[K ? Aligned : Unaligned > HessianBlockTransposedType;\n'}
[24.174761] (orbslam2_pointcloud_ros2) StderrLine: {'line': b'      |                                                                          \x1b[01;35m\x1b[K~~~~~~^~~~~~~~~~~~\x1b[m\x1b[K\n'}
[24.174971] (orbslam2_pointcloud_ros2) StderrLine: {'line': b'In file included from \x1b[01m\x1b[K/usr/local/include/eigen3/Eigen/Core:161\x1b[m\x1b[K,\n'}
[24.175196] (orbslam2_pointcloud_ros2) StderrLine: {'line': b'                 from \x1b[01m\x1b[K/usr/local/include/pangolin/display/opengl_render_state.h:40\x1b[m\x1b[K,\n'}
[24.175401] (orbslam2_pointcloud_ros2) StderrLine: {'line': b'                 from \x1b[01m\x1b[K/usr/local/include/pangolin/display/viewport.h:31\x1b[m\x1b[K,\n'}
[24.175602] (orbslam2_pointcloud_ros2) StderrLine: {'line': b'                 from \x1b[01m\x1b[K/usr/local/include/pangolin/gl/gl.h:30\x1b[m\x1b[K,\n'}
[24.175801] (orbslam2_pointcloud_ros2) StderrLine: {'line': b'                 from \x1b[01m\x1b[K/usr/local/include/pangolin/pangolin.h:33\x1b[m\x1b[K,\n'}
[24.176001] (orbslam2_pointcloud_ros2) StderrLine: {'line': b'                 from \x1b[01m\x1b[K/home/jetson/ws/orb-slam2/code/main/ORBSLAM2_with_pointcloudmap_AstraPro-main/ORBSLAM2_with_pointcloud_map/include/MapDrawer.h:27\x1b[m\x1b[K,\n'}
[24.176202] (orbslam2_pointcloud_ros2) StderrLine: {'line': b'                 from \x1b[01m\x1b[K/home/jetson/ws/orb-slam2/code/main/ORBSLAM2_with_pointcloudmap_AstraPro-main/ORBSLAM2_with_pointcloud_map/include/Viewer.h:26\x1b[m\x1b[K,\n'}
[24.176401] (orbslam2_pointcloud_ros2) StderrLine: {'line': b'                 from \x1b[01m\x1b[K/home/jetson/ws/orb-slam2/code/main/ORBSLAM2_with_pointcloudmap_AstraPro-main/ORBSLAM2_with_pointcloud_map/include/Tracking.h:28\x1b[m\x1b[K,\n'}
[24.176598] (orbslam2_pointcloud_ros2) StderrLine: {'line': b'                 from \x1b[01m\x1b[K/home/jetson/ws/orb-slam2/code/main/ORBSLAM2_with_pointcloudmap_AstraPro-main/ORBSLAM2_with_pointcloud_map/include/System.h:29\x1b[m\x1b[K,\n'}
[24.176795] (orbslam2_pointcloud_ros2) StderrLine: {'line': b'                 from \x1b[01m\x1b[K/home/jetson/ws/orb-slam2/code/ros2_orbslam2_pointcloud_map/src/orbslam2_pointcloud_ros2/src/rgbd_node.cpp:19\x1b[m\x1b[K:\n'}
[24.176996] (orbslam2_pointcloud_ros2) StderrLine: {'line': b'\x1b[01m\x1b[K/usr/local/include/eigen3/Eigen/src/Core/util/Constants.h:167:37:\x1b[m\x1b[K \x1b[01;36m\x1b[Knote: \x1b[m\x1b[Kdeclared here\n'}
[24.177221] (orbslam2_pointcloud_ros2) StderrLine: {'line': b'  167 | EIGEN_DEPRECATED const unsigned int \x1b[01;36m\x1b[KAlignedBit\x1b[m\x1b[K = 0x80;\n'}
[24.177469] (orbslam2_pointcloud_ros2) StderrLine: {'line': b'      |                                     \x1b[01;36m\x1b[K^~~~~~~~~~\x1b[m\x1b[K\n'}
[24.253346] (-) TimerEvent: {}
[24.257908] (orbslam2_pointcloud_ros2) StderrLine: {'line': b'In file included from \x1b[01m\x1b[K/home/jetson/ws/orb-slam2/code/main/ORBSLAM2_with_pointcloudmap_AstraPro-main/ORBSLAM2_with_pointcloud_map/Thirdparty/g2o/g2o/types/types_seven_dof_expmap.h:35\x1b[m\x1b[K,\n'}
[24.258621] (orbslam2_pointcloud_ros2) StderrLine: {'line': b'                 from \x1b[01m\x1b[K/home/jetson/ws/orb-slam2/code/main/ORBSLAM2_with_pointcloudmap_AstraPro-main/ORBSLAM2_with_pointcloud_map/include/LoopClosing.h:34\x1b[m\x1b[K,\n'}
[24.258906] (orbslam2_pointcloud_ros2) StderrLine: {'line': b'                 from \x1b[01m\x1b[K/home/jetson/ws/orb-slam2/code/main/ORBSLAM2_with_pointcloudmap_AstraPro-main/ORBSLAM2_with_pointcloud_map/include/LocalMapping.h:26\x1b[m\x1b[K,\n'}
[24.259157] (orbslam2_pointcloud_ros2) StderrLine: {'line': b'                 from \x1b[01m\x1b[K/home/jetson/ws/orb-slam2/code/main/ORBSLAM2_with_pointcloudmap_AstraPro-main/ORBSLAM2_with_pointcloud_map/include/Tracking.h:31\x1b[m\x1b[K,\n'}
[24.259390] (orbslam2_pointcloud_ros2) StderrLine: {'line': b'                 from \x1b[01m\x1b[K/home/jetson/ws/orb-slam2/code/main/ORBSLAM2_with_pointcloudmap_AstraPro-main/ORBSLAM2_with_pointcloud_map/include/System.h:29\x1b[m\x1b[K,\n'}
[24.259611] (orbslam2_pointcloud_ros2) StderrLine: {'line': b'                 from \x1b[01m\x1b[K/home/jetson/ws/orb-slam2/code/ros2_orbslam2_pointcloud_map/src/orbslam2_pointcloud_ros2/src/rgbd_node.cpp:19\x1b[m\x1b[K:\n'}
[24.259885] (orbslam2_pointcloud_ros2) StderrLine: {'line': b'/home/jetson/ws/orb-slam2/code/main/ORBSLAM2_with_pointcloudmap_AstraPro-main/ORBSLAM2_with_pointcloud_map/Thirdparty/g2o/g2o/types/../core/base_binary_edge.h: In instantiation of \xe2\x80\x98\x1b[01m\x1b[Kclass g2o::BaseBinaryEdge<2, Eigen::Matrix<double, 2, 1>, g2o::VertexSBAPointXYZ, g2o::VertexSim3Expmap>\x1b[m\x1b[K\xe2\x80\x99:\n'}
[24.260108] (orbslam2_pointcloud_ros2) StderrLine: {'line': b'\x1b[01m\x1b[K/home/jetson/ws/orb-slam2/code/main/ORBSLAM2_with_pointcloudmap_AstraPro-main/ORBSLAM2_with_pointcloud_map/Thirdparty/g2o/g2o/types/types_seven_dof_expmap.h:130:36:\x1b[m\x1b[K   required from here\n'}
[24.260319] (orbslam2_pointcloud_ros2) StderrLine: {'line': b'\x1b[01m\x1b[K/home/jetson/ws/orb-slam2/code/main/ORBSLAM2_with_pointcloudmap_AstraPro-main/ORBSLAM2_with_pointcloud_map/Thirdparty/g2o/g2o/types/../core/base_binary_edge.h:59:80:\x1b[m\x1b[K \x1b[01;35m\x1b[Kwarning: \x1b[m\x1b[K\xe2\x80\x98\x1b[01m\x1b[KEigen::AlignedBit\x1b[m\x1b[K\xe2\x80\x99 is deprecated [\x1b[01;35m\x1b[K\x1b]8;;https://gcc.gnu.org/onlinedocs/gcc/Warning-Options.html#index-Wdeprecated-declarations\x07-Wdeprecated-declarations\x1b]8;;\x07\x1b[m\x1b[K]\n'}
[24.260549] (orbslam2_pointcloud_ros2) StderrLine: {'line': b'   59 |       typedef Eigen::Map<Matrix<double, Di, Dj>, Matrix<double, Di, Dj>::\x1b[01;35m\x1b[KFlags & AlignedBit\x1b[m\x1b[K ? Aligned : Unaligned > HessianBlockType;\n'}
[24.260757] (orbslam2_pointcloud_ros2) StderrLine: {'line': b'      |                                                                          \x1b[01;35m\x1b[K~~~~~~^~~~~~~~~~~~\x1b[m\x1b[K\n'}
[24.260987] (orbslam2_pointcloud_ros2) StderrLine: {'line': b'In file included from \x1b[01m\x1b[K/usr/local/include/eigen3/Eigen/Core:161\x1b[m\x1b[K,\n'}
[24.261277] (orbslam2_pointcloud_ros2) StderrLine: {'line': b'                 from \x1b[01m\x1b[K/usr/local/include/pangolin/display/opengl_render_state.h:40\x1b[m\x1b[K,\n'}
[24.261516] (orbslam2_pointcloud_ros2) StderrLine: {'line': b'                 from \x1b[01m\x1b[K/usr/local/include/pangolin/display/viewport.h:31\x1b[m\x1b[K,\n'}
[24.261726] (orbslam2_pointcloud_ros2) StderrLine: {'line': b'                 from \x1b[01m\x1b[K/usr/local/include/pangolin/gl/gl.h:30\x1b[m\x1b[K,\n'}
[24.261931] (orbslam2_pointcloud_ros2) StderrLine: {'line': b'                 from \x1b[01m\x1b[K/usr/local/include/pangolin/pangolin.h:33\x1b[m\x1b[K,\n'}
[24.262166] (orbslam2_pointcloud_ros2) StderrLine: {'line': b'                 from \x1b[01m\x1b[K/home/jetson/ws/orb-slam2/code/main/ORBSLAM2_with_pointcloudmap_AstraPro-main/ORBSLAM2_with_pointcloud_map/include/MapDrawer.h:27\x1b[m\x1b[K,\n'}
[24.262375] (orbslam2_pointcloud_ros2) StderrLine: {'line': b'                 from \x1b[01m\x1b[K/home/jetson/ws/orb-slam2/code/main/ORBSLAM2_with_pointcloudmap_AstraPro-main/ORBSLAM2_with_pointcloud_map/include/Viewer.h:26\x1b[m\x1b[K,\n'}
[24.262581] (orbslam2_pointcloud_ros2) StderrLine: {'line': b'                 from \x1b[01m\x1b[K/home/jetson/ws/orb-slam2/code/main/ORBSLAM2_with_pointcloudmap_AstraPro-main/ORBSLAM2_with_pointcloud_map/include/Tracking.h:28\x1b[m\x1b[K,\n'}
[24.262784] (orbslam2_pointcloud_ros2) StderrLine: {'line': b'                 from \x1b[01m\x1b[K/home/jetson/ws/orb-slam2/code/main/ORBSLAM2_with_pointcloudmap_AstraPro-main/ORBSLAM2_with_pointcloud_map/include/System.h:29\x1b[m\x1b[K,\n'}
[24.262985] (orbslam2_pointcloud_ros2) StderrLine: {'line': b'                 from \x1b[01m\x1b[K/home/jetson/ws/orb-slam2/code/ros2_orbslam2_pointcloud_map/src/orbslam2_pointcloud_ros2/src/rgbd_node.cpp:19\x1b[m\x1b[K:\n'}
[24.263184] (orbslam2_pointcloud_ros2) StderrLine: {'line': b'\x1b[01m\x1b[K/usr/local/include/eigen3/Eigen/src/Core/util/Constants.h:167:37:\x1b[m\x1b[K \x1b[01;36m\x1b[Knote: \x1b[m\x1b[Kdeclared here\n'}
[24.263382] (orbslam2_pointcloud_ros2) StderrLine: {'line': b'  167 | EIGEN_DEPRECATED const unsigned int \x1b[01;36m\x1b[KAlignedBit\x1b[m\x1b[K = 0x80;\n'}
[24.263605] (orbslam2_pointcloud_ros2) StderrLine: {'line': b'      |                                     \x1b[01;36m\x1b[K^~~~~~~~~~\x1b[m\x1b[K\n'}
[24.288539] (orbslam2_pointcloud_ros2) StderrLine: {'line': b'In file included from \x1b[01m\x1b[K/home/jetson/ws/orb-slam2/code/main/ORBSLAM2_with_pointcloudmap_AstraPro-main/ORBSLAM2_with_pointcloud_map/Thirdparty/g2o/g2o/types/types_seven_dof_expmap.h:35\x1b[m\x1b[K,\n'}
[24.288967] (orbslam2_pointcloud_ros2) StderrLine: {'line': b'                 from \x1b[01m\x1b[K/home/jetson/ws/orb-slam2/code/main/ORBSLAM2_with_pointcloudmap_AstraPro-main/ORBSLAM2_with_pointcloud_map/include/LoopClosing.h:34\x1b[m\x1b[K,\n'}
[24.289147] (orbslam2_pointcloud_ros2) StderrLine: {'line': b'                 from \x1b[01m\x1b[K/home/jetson/ws/orb-slam2/code/main/ORBSLAM2_with_pointcloudmap_AstraPro-main/ORBSLAM2_with_pointcloud_map/include/LocalMapping.h:26\x1b[m\x1b[K,\n'}
[24.289288] (orbslam2_pointcloud_ros2) StderrLine: {'line': b'                 from \x1b[01m\x1b[K/home/jetson/ws/orb-slam2/code/main/ORBSLAM2_with_pointcloudmap_AstraPro-main/ORBSLAM2_with_pointcloud_map/include/Tracking.h:31\x1b[m\x1b[K,\n'}
[24.289397] (orbslam2_pointcloud_ros2) StderrLine: {'line': b'                 from \x1b[01m\x1b[K/home/jetson/ws/orb-slam2/code/main/ORBSLAM2_with_pointcloudmap_AstraPro-main/ORBSLAM2_with_pointcloud_map/include/System.h:29\x1b[m\x1b[K,\n'}
[24.289501] (orbslam2_pointcloud_ros2) StderrLine: {'line': b'                 from \x1b[01m\x1b[K/home/jetson/ws/orb-slam2/code/ros2_orbslam2_pointcloud_map/src/orbslam2_pointcloud_ros2/src/rgbd_node.cpp:19\x1b[m\x1b[K:\n'}
[24.289603] (orbslam2_pointcloud_ros2) StderrLine: {'line': b'\x1b[01m\x1b[K/home/jetson/ws/orb-slam2/code/main/ORBSLAM2_with_pointcloudmap_AstraPro-main/ORBSLAM2_with_pointcloud_map/Thirdparty/g2o/g2o/types/../core/base_binary_edge.h:60:80:\x1b[m\x1b[K \x1b[01;35m\x1b[Kwarning: \x1b[m\x1b[K\xe2\x80\x98\x1b[01m\x1b[KEigen::AlignedBit\x1b[m\x1b[K\xe2\x80\x99 is deprecated [\x1b[01;35m\x1b[K\x1b]8;;https://gcc.gnu.org/onlinedocs/gcc/Warning-Options.html#index-Wdeprecated-declarations\x07-Wdeprecated-declarations\x1b]8;;\x07\x1b[m\x1b[K]\n'}
[24.289714] (orbslam2_pointcloud_ros2) StderrLine: {'line': b'   60 |       typedef Eigen::Map<Matrix<double, Dj, Di>, Matrix<double, Dj, Di>::\x1b[01;35m\x1b[KFlags & AlignedBit\x1b[m\x1b[K ? Aligned : Unaligned > HessianBlockTransposedType;\n'}
[24.289817] (orbslam2_pointcloud_ros2) StderrLine: {'line': b'      |                                                                          \x1b[01;35m\x1b[K~~~~~~^~~~~~~~~~~~\x1b[m\x1b[K\n'}
[24.289916] (orbslam2_pointcloud_ros2) StderrLine: {'line': b'In file included from \x1b[01m\x1b[K/usr/local/include/eigen3/Eigen/Core:161\x1b[m\x1b[K,\n'}
[24.290014] (orbslam2_pointcloud_ros2) StderrLine: {'line': b'                 from \x1b[01m\x1b[K/usr/local/include/pangolin/display/opengl_render_state.h:40\x1b[m\x1b[K,\n'}
[24.290112] (orbslam2_pointcloud_ros2) StderrLine: {'line': b'                 from \x1b[01m\x1b[K/usr/local/include/pangolin/display/viewport.h:31\x1b[m\x1b[K,\n'}
[24.290208] (orbslam2_pointcloud_ros2) StderrLine: {'line': b'                 from \x1b[01m\x1b[K/usr/local/include/pangolin/gl/gl.h:30\x1b[m\x1b[K,\n'}
[24.290391] (orbslam2_pointcloud_ros2) StderrLine: {'line': b'                 from \x1b[01m\x1b[K/usr/local/include/pangolin/pangolin.h:33\x1b[m\x1b[K,\n'}
[24.290592] (orbslam2_pointcloud_ros2) StderrLine: {'line': b'                 from \x1b[01m\x1b[K/home/jetson/ws/orb-slam2/code/main/ORBSLAM2_with_pointcloudmap_AstraPro-main/ORBSLAM2_with_pointcloud_map/include/MapDrawer.h:27\x1b[m\x1b[K,\n'}
[24.290821] (orbslam2_pointcloud_ros2) StderrLine: {'line': b'                 from \x1b[01m\x1b[K/home/jetson/ws/orb-slam2/code/main/ORBSLAM2_with_pointcloudmap_AstraPro-main/ORBSLAM2_with_pointcloud_map/include/Viewer.h:26\x1b[m\x1b[K,\n'}
[24.291030] (orbslam2_pointcloud_ros2) StderrLine: {'line': b'                 from \x1b[01m\x1b[K/home/jetson/ws/orb-slam2/code/main/ORBSLAM2_with_pointcloudmap_AstraPro-main/ORBSLAM2_with_pointcloud_map/include/Tracking.h:28\x1b[m\x1b[K,\n'}
[24.291259] (orbslam2_pointcloud_ros2) StderrLine: {'line': b'                 from \x1b[01m\x1b[K/home/jetson/ws/orb-slam2/code/main/ORBSLAM2_with_pointcloudmap_AstraPro-main/ORBSLAM2_with_pointcloud_map/include/System.h:29\x1b[m\x1b[K,\n'}
[24.291465] (orbslam2_pointcloud_ros2) StderrLine: {'line': b'                 from \x1b[01m\x1b[K/home/jetson/ws/orb-slam2/code/ros2_orbslam2_pointcloud_map/src/orbslam2_pointcloud_ros2/src/rgbd_node.cpp:19\x1b[m\x1b[K:\n'}
[24.291672] (orbslam2_pointcloud_ros2) StderrLine: {'line': b'\x1b[01m\x1b[K/usr/local/include/eigen3/Eigen/src/Core/util/Constants.h:167:37:\x1b[m\x1b[K \x1b[01;36m\x1b[Knote: \x1b[m\x1b[Kdeclared here\n'}
[24.291901] (orbslam2_pointcloud_ros2) StderrLine: {'line': b'  167 | EIGEN_DEPRECATED const unsigned int \x1b[01;36m\x1b[KAlignedBit\x1b[m\x1b[K = 0x80;\n'}
[24.292106] (orbslam2_pointcloud_ros2) StderrLine: {'line': b'      |                                     \x1b[01;36m\x1b[K^~~~~~~~~~\x1b[m\x1b[K\n'}
[24.353467] (-) TimerEvent: {}
[24.454166] (-) TimerEvent: {}
[24.554934] (-) TimerEvent: {}
[24.655770] (-) TimerEvent: {}
[24.756616] (-) TimerEvent: {}
[24.857462] (-) TimerEvent: {}
[24.958281] (-) TimerEvent: {}
[25.059099] (-) TimerEvent: {}
[25.159889] (-) TimerEvent: {}
[25.260576] (-) TimerEvent: {}
[25.361425] (-) TimerEvent: {}
[25.462238] (-) TimerEvent: {}
[25.563048] (-) TimerEvent: {}
[25.663877] (-) TimerEvent: {}
[25.764679] (-) TimerEvent: {}
[25.865522] (-) TimerEvent: {}
[25.966312] (-) TimerEvent: {}
[26.067127] (-) TimerEvent: {}
[26.167897] (-) TimerEvent: {}
[26.268661] (-) TimerEvent: {}
[26.369350] (-) TimerEvent: {}
[26.470193] (-) TimerEvent: {}
[26.571016] (-) TimerEvent: {}
[26.671836] (-) TimerEvent: {}
[26.772642] (-) TimerEvent: {}
[26.873495] (-) TimerEvent: {}
[26.974304] (-) TimerEvent: {}
[27.075101] (-) TimerEvent: {}
[27.175885] (-) TimerEvent: {}
[27.276673] (-) TimerEvent: {}
[27.377485] (-) TimerEvent: {}
[27.478309] (-) TimerEvent: {}
[27.579129] (-) TimerEvent: {}
[27.679965] (-) TimerEvent: {}
[27.780779] (-) TimerEvent: {}
[27.881627] (-) TimerEvent: {}
[27.982449] (-) TimerEvent: {}
[28.083256] (-) TimerEvent: {}
[28.184060] (-) TimerEvent: {}
[28.284857] (-) TimerEvent: {}
[28.385748] (-) TimerEvent: {}
[28.486574] (-) TimerEvent: {}
[28.587362] (-) TimerEvent: {}
[28.688161] (-) TimerEvent: {}
[28.788986] (-) TimerEvent: {}
[28.889831] (-) TimerEvent: {}
[28.990655] (-) TimerEvent: {}
[29.091446] (-) TimerEvent: {}
[29.192245] (-) TimerEvent: {}
[29.293047] (-) TimerEvent: {}
[29.393882] (-) TimerEvent: {}
[29.494706] (-) TimerEvent: {}
[29.595546] (-) TimerEvent: {}
[29.696385] (-) TimerEvent: {}
[29.797250] (-) TimerEvent: {}
[29.898073] (-) TimerEvent: {}
[29.998887] (-) TimerEvent: {}
[30.099707] (-) TimerEvent: {}
[30.200490] (-) TimerEvent: {}
[30.301319] (-) TimerEvent: {}
[30.402128] (-) TimerEvent: {}
[30.502956] (-) TimerEvent: {}
[30.603776] (-) TimerEvent: {}
[30.704598] (-) TimerEvent: {}
[30.805411] (-) TimerEvent: {}
[30.906244] (-) TimerEvent: {}
[31.007065] (-) TimerEvent: {}
[31.107875] (-) TimerEvent: {}
[31.208685] (-) TimerEvent: {}
[31.309517] (-) TimerEvent: {}
[31.410330] (-) TimerEvent: {}
[31.511161] (-) TimerEvent: {}
[31.611957] (-) TimerEvent: {}
[31.712763] (-) TimerEvent: {}
[31.813575] (-) TimerEvent: {}
[31.914368] (-) TimerEvent: {}
[32.015212] (-) TimerEvent: {}
[32.115998] (-) TimerEvent: {}
[32.216789] (-) TimerEvent: {}
[32.317620] (-) TimerEvent: {}
[32.418436] (-) TimerEvent: {}
[32.519269] (-) TimerEvent: {}
[32.620111] (-) TimerEvent: {}
[32.720941] (-) TimerEvent: {}
[32.821769] (-) TimerEvent: {}
[32.922555] (-) TimerEvent: {}
[33.023368] (-) TimerEvent: {}
[33.124173] (-) TimerEvent: {}
[33.224980] (-) TimerEvent: {}
[33.325812] (-) TimerEvent: {}
[33.426712] (-) TimerEvent: {}
[33.527497] (-) TimerEvent: {}
[33.628284] (-) TimerEvent: {}
[33.729086] (-) TimerEvent: {}
[33.829892] (-) TimerEvent: {}
[33.930719] (-) TimerEvent: {}
[34.031519] (-) TimerEvent: {}
[34.132288] (-) TimerEvent: {}
[34.233091] (-) TimerEvent: {}
[34.333904] (-) TimerEvent: {}
[34.434684] (-) TimerEvent: {}
[34.535416] (-) TimerEvent: {}
[34.636222] (-) TimerEvent: {}
[34.737027] (-) TimerEvent: {}
[34.837841] (-) TimerEvent: {}
[34.938641] (-) TimerEvent: {}
[35.039446] (-) TimerEvent: {}
[35.140271] (-) TimerEvent: {}
[35.241060] (-) TimerEvent: {}
[35.341868] (-) TimerEvent: {}
[35.442674] (-) TimerEvent: {}
[35.543498] (-) TimerEvent: {}
[35.644325] (-) TimerEvent: {}
[35.745131] (-) TimerEvent: {}
[35.845927] (-) TimerEvent: {}
[35.946729] (-) TimerEvent: {}
[36.047520] (-) TimerEvent: {}
[36.148244] (-) TimerEvent: {}
[36.249043] (-) TimerEvent: {}
[36.349866] (-) TimerEvent: {}
[36.450677] (-) TimerEvent: {}
[36.551480] (-) TimerEvent: {}
[36.652295] (-) TimerEvent: {}
[36.753096] (-) TimerEvent: {}
[36.853924] (-) TimerEvent: {}
[36.954731] (-) TimerEvent: {}
[37.055538] (-) TimerEvent: {}
[37.156350] (-) TimerEvent: {}
[37.257200] (-) TimerEvent: {}
[37.358012] (-) TimerEvent: {}
[37.458831] (-) TimerEvent: {}
[37.559625] (-) TimerEvent: {}
[37.660415] (-) TimerEvent: {}
[37.761246] (-) TimerEvent: {}
[37.862038] (-) TimerEvent: {}
[37.962820] (-) TimerEvent: {}
[38.063610] (-) TimerEvent: {}
[38.164394] (-) TimerEvent: {}
[38.265247] (-) TimerEvent: {}
[38.366008] (-) TimerEvent: {}
[38.466781] (-) TimerEvent: {}
[38.567547] (-) TimerEvent: {}
[38.668360] (-) TimerEvent: {}
[38.769192] (-) TimerEvent: {}
[38.869953] (-) TimerEvent: {}
[38.970725] (-) TimerEvent: {}
[39.071389] (-) TimerEvent: {}
[39.172194] (-) TimerEvent: {}
[39.272985] (-) TimerEvent: {}
[39.373814] (-) TimerEvent: {}
[39.474611] (-) TimerEvent: {}
[39.575409] (-) TimerEvent: {}
[39.676161] (-) TimerEvent: {}
[39.776966] (-) TimerEvent: {}
[39.877785] (-) TimerEvent: {}
[39.978578] (-) TimerEvent: {}
[40.079390] (-) TimerEvent: {}
[40.180153] (-) TimerEvent: {}
[40.280811] (-) TimerEvent: {}
[40.381657] (-) TimerEvent: {}
[40.482433] (-) TimerEvent: {}
[40.583199] (-) TimerEvent: {}
[40.683908] (-) TimerEvent: {}
[40.784708] (-) TimerEvent: {}
[40.885538] (-) TimerEvent: {}
[40.986347] (-) TimerEvent: {}
[41.087158] (-) TimerEvent: {}
[41.187974] (-) TimerEvent: {}
[41.288792] (-) TimerEvent: {}
[41.389621] (-) TimerEvent: {}
[41.490428] (-) TimerEvent: {}
[41.591259] (-) TimerEvent: {}
[41.692066] (-) TimerEvent: {}
[41.792860] (-) TimerEvent: {}
[41.893718] (-) TimerEvent: {}
[41.994530] (-) TimerEvent: {}
[42.095347] (-) TimerEvent: {}
[42.196168] (-) TimerEvent: {}
[42.296942] (-) TimerEvent: {}
[42.397741] (-) TimerEvent: {}
[42.498559] (-) TimerEvent: {}
[42.599347] (-) TimerEvent: {}
[42.700071] (-) TimerEvent: {}
[42.800895] (-) TimerEvent: {}
[42.901726] (-) TimerEvent: {}
[43.002556] (-) TimerEvent: {}
[43.103356] (-) TimerEvent: {}
[43.204186] (-) TimerEvent: {}
[43.305011] (-) TimerEvent: {}
[43.405827] (-) TimerEvent: {}
[43.506655] (-) TimerEvent: {}
[43.607476] (-) TimerEvent: {}
[43.708279] (-) TimerEvent: {}
[43.809073] (-) TimerEvent: {}
[43.909919] (-) TimerEvent: {}
[44.010737] (-) TimerEvent: {}
[44.111528] (-) TimerEvent: {}
[44.212328] (-) TimerEvent: {}
[44.313118] (-) TimerEvent: {}
[44.413939] (-) TimerEvent: {}
[44.514754] (-) TimerEvent: {}
[44.615548] (-) TimerEvent: {}
[44.716373] (-) TimerEvent: {}
[44.817220] (-) TimerEvent: {}
[44.918046] (-) TimerEvent: {}
[45.018854] (-) TimerEvent: {}
[45.119658] (-) TimerEvent: {}
[45.220446] (-) TimerEvent: {}
[45.321266] (-) TimerEvent: {}
[45.422029] (-) TimerEvent: {}
[45.522815] (-) TimerEvent: {}
[45.623594] (-) TimerEvent: {}
[45.724385] (-) TimerEvent: {}
[45.825219] (-) TimerEvent: {}
[45.926021] (-) TimerEvent: {}
[46.026845] (-) TimerEvent: {}
[46.127604] (-) TimerEvent: {}
[46.228390] (-) TimerEvent: {}
[46.329216] (-) TimerEvent: {}
[46.430009] (-) TimerEvent: {}
[46.530819] (-) TimerEvent: {}
[46.631623] (-) TimerEvent: {}
[46.732448] (-) TimerEvent: {}
[46.833307] (-) TimerEvent: {}
[46.934124] (-) TimerEvent: {}
[47.034928] (-) TimerEvent: {}
[47.135726] (-) TimerEvent: {}
[47.236564] (-) TimerEvent: {}
[47.337361] (-) TimerEvent: {}
[47.438139] (-) TimerEvent: {}
[47.538942] (-) TimerEvent: {}
[47.639736] (-) TimerEvent: {}
[47.740539] (-) TimerEvent: {}
[47.841336] (-) TimerEvent: {}
[47.942148] (-) TimerEvent: {}
[48.042952] (-) TimerEvent: {}
[48.143740] (-) TimerEvent: {}
[48.244536] (-) TimerEvent: {}
[48.345389] (-) TimerEvent: {}
[48.446183] (-) TimerEvent: {}
[48.547002] (-) TimerEvent: {}
[48.647791] (-) TimerEvent: {}
[48.748589] (-) TimerEvent: {}
[48.849322] (-) TimerEvent: {}
[48.950111] (-) TimerEvent: {}
[49.050895] (-) TimerEvent: {}
[49.151666] (-) TimerEvent: {}
[49.252446] (-) TimerEvent: {}
[49.353299] (-) TimerEvent: {}
[49.454103] (-) TimerEvent: {}
[49.554921] (-) TimerEvent: {}
[49.655737] (-) TimerEvent: {}
[49.756545] (-) TimerEvent: {}
[49.857311] (-) TimerEvent: {}
[49.958079] (-) TimerEvent: {}
[50.058863] (-) TimerEvent: {}
[50.159642] (-) TimerEvent: {}
[50.260423] (-) TimerEvent: {}
[50.361254] (-) TimerEvent: {}
[50.462057] (-) TimerEvent: {}
[50.562872] (-) TimerEvent: {}
[50.663670] (-) TimerEvent: {}
[50.764474] (-) TimerEvent: {}
[50.865351] (-) TimerEvent: {}
[50.966136] (-) TimerEvent: {}
[51.066949] (-) TimerEvent: {}
[51.167740] (-) TimerEvent: {}
[51.268528] (-) TimerEvent: {}
[51.369329] (-) TimerEvent: {}
[51.470118] (-) TimerEvent: {}
[51.570902] (-) TimerEvent: {}
[51.671690] (-) TimerEvent: {}
[51.772501] (-) TimerEvent: {}
[51.873296] (-) TimerEvent: {}
[51.974061] (-) TimerEvent: {}
[52.074836] (-) TimerEvent: {}
[52.175594] (-) TimerEvent: {}
[52.276366] (-) TimerEvent: {}
[52.377186] (-) TimerEvent: {}
[52.477990] (-) TimerEvent: {}
[52.578801] (-) TimerEvent: {}
[52.679623] (-) TimerEvent: {}
[52.780442] (-) TimerEvent: {}
[52.881356] (-) TimerEvent: {}
[52.982145] (-) TimerEvent: {}
[53.082953] (-) TimerEvent: {}
[53.183755] (-) TimerEvent: {}
[53.284556] (-) TimerEvent: {}
[53.385355] (-) TimerEvent: {}
[53.486146] (-) TimerEvent: {}
[53.586922] (-) TimerEvent: {}
[53.687725] (-) TimerEvent: {}
[53.788518] (-) TimerEvent: {}
[53.889305] (-) TimerEvent: {}
[53.990055] (-) TimerEvent: {}
[54.090840] (-) TimerEvent: {}
[54.191614] (-) TimerEvent: {}
[54.292384] (-) TimerEvent: {}
[54.393215] (-) TimerEvent: {}
[54.494001] (-) TimerEvent: {}
[54.594789] (-) TimerEvent: {}
[54.695578] (-) TimerEvent: {}
[54.796377] (-) TimerEvent: {}
[54.897228] (-) TimerEvent: {}
[54.998053] (-) TimerEvent: {}
[55.098847] (-) TimerEvent: {}
[55.199642] (-) TimerEvent: {}
[55.300471] (-) TimerEvent: {}
[55.401307] (-) TimerEvent: {}
[55.502109] (-) TimerEvent: {}
[55.602931] (-) TimerEvent: {}
[55.703747] (-) TimerEvent: {}
[55.804585] (-) TimerEvent: {}
[55.905347] (-) TimerEvent: {}
[56.006118] (-) TimerEvent: {}
[56.106927] (-) TimerEvent: {}
[56.207711] (-) TimerEvent: {}
[56.308485] (-) TimerEvent: {}
[56.409286] (-) TimerEvent: {}
[56.510061] (-) TimerEvent: {}
[56.610835] (-) TimerEvent: {}
[56.711618] (-) TimerEvent: {}
[56.812368] (-) TimerEvent: {}
[56.913084] (-) TimerEvent: {}
[57.013806] (-) TimerEvent: {}
[57.114602] (-) TimerEvent: {}
[57.215367] (-) TimerEvent: {}
[57.316111] (-) TimerEvent: {}
[57.416851] (-) TimerEvent: {}
[57.517672] (-) TimerEvent: {}
[57.618444] (-) TimerEvent: {}
[57.719224] (-) TimerEvent: {}
[57.819986] (-) TimerEvent: {}
[57.920736] (-) TimerEvent: {}
[58.021509] (-) TimerEvent: {}
[58.122289] (-) TimerEvent: {}
[58.223048] (-) TimerEvent: {}
[58.323801] (-) TimerEvent: {}
[58.424559] (-) TimerEvent: {}
[58.525371] (-) TimerEvent: {}
[58.626134] (-) TimerEvent: {}
[58.726920] (-) TimerEvent: {}
[58.827701] (-) TimerEvent: {}
[58.928483] (-) TimerEvent: {}
[59.029312] (-) TimerEvent: {}
[59.130126] (-) TimerEvent: {}
[59.230924] (-) TimerEvent: {}
[59.331702] (-) TimerEvent: {}
[59.432465] (-) TimerEvent: {}
[59.533282] (-) TimerEvent: {}
[59.634073] (-) TimerEvent: {}
[59.734855] (-) TimerEvent: {}
[59.835637] (-) TimerEvent: {}
[59.936419] (-) TimerEvent: {}
[60.037145] (-) TimerEvent: {}
[60.137909] (-) TimerEvent: {}
[60.238719] (-) TimerEvent: {}
[60.339513] (-) TimerEvent: {}
[60.440303] (-) TimerEvent: {}
[60.541224] (-) TimerEvent: {}
[60.642003] (-) TimerEvent: {}
[60.742797] (-) TimerEvent: {}
[60.843578] (-) TimerEvent: {}
[60.944383] (-) TimerEvent: {}
[61.045232] (-) TimerEvent: {}
[61.146042] (-) TimerEvent: {}
[61.246846] (-) TimerEvent: {}
[61.347670] (-) TimerEvent: {}
[61.448461] (-) TimerEvent: {}
[61.549290] (-) TimerEvent: {}
[61.650087] (-) TimerEvent: {}
[61.750885] (-) TimerEvent: {}
[61.851692] (-) TimerEvent: {}
[61.952487] (-) TimerEvent: {}
[62.053327] (-) TimerEvent: {}
[62.154077] (-) TimerEvent: {}
[62.254851] (-) TimerEvent: {}
[62.355652] (-) TimerEvent: {}
[62.456398] (-) TimerEvent: {}
[62.557222] (-) TimerEvent: {}
[62.658000] (-) TimerEvent: {}
[62.758817] (-) TimerEvent: {}
[62.859618] (-) TimerEvent: {}
[62.960415] (-) TimerEvent: {}
[63.061278] (-) TimerEvent: {}
[63.162070] (-) TimerEvent: {}
[63.262844] (-) TimerEvent: {}
[63.363605] (-) TimerEvent: {}
[63.464367] (-) TimerEvent: {}
[63.565204] (-) TimerEvent: {}
[63.665984] (-) TimerEvent: {}
[63.766774] (-) TimerEvent: {}
[63.867572] (-) TimerEvent: {}
[63.968366] (-) TimerEvent: {}
[64.069147] (-) TimerEvent: {}
[64.169915] (-) TimerEvent: {}
[64.270659] (-) TimerEvent: {}
[64.371449] (-) TimerEvent: {}
[64.472215] (-) TimerEvent: {}
[64.573005] (-) TimerEvent: {}
[64.673839] (-) TimerEvent: {}
[64.774640] (-) TimerEvent: {}
[64.875406] (-) TimerEvent: {}
[64.976193] (-) TimerEvent: {}
[65.076940] (-) TimerEvent: {}
[65.177645] (-) TimerEvent: {}
[65.278421] (-) TimerEvent: {}
[65.379187] (-) TimerEvent: {}
[65.479969] (-) TimerEvent: {}
[65.580753] (-) TimerEvent: {}
[65.681582] (-) TimerEvent: {}
[65.782390] (-) TimerEvent: {}
[65.883156] (-) TimerEvent: {}
[65.983925] (-) TimerEvent: {}
[66.084715] (-) TimerEvent: {}
[66.185519] (-) TimerEvent: {}
[66.286315] (-) TimerEvent: {}
[66.387082] (-) TimerEvent: {}
[66.487839] (-) TimerEvent: {}
[66.588614] (-) TimerEvent: {}
[66.689353] (-) TimerEvent: {}
[66.790153] (-) TimerEvent: {}
[66.890918] (-) TimerEvent: {}
[66.991673] (-) TimerEvent: {}
[67.092459] (-) TimerEvent: {}
[67.193264] (-) TimerEvent: {}
[67.294043] (-) TimerEvent: {}
[67.394855] (-) TimerEvent: {}
[67.495659] (-) TimerEvent: {}
[67.596471] (-) TimerEvent: {}
[67.697295] (-) TimerEvent: {}
[67.798093] (-) TimerEvent: {}
[67.898854] (-) TimerEvent: {}
[67.999644] (-) TimerEvent: {}
[68.100437] (-) TimerEvent: {}
[68.201287] (-) TimerEvent: {}
[68.302070] (-) TimerEvent: {}
[68.402867] (-) TimerEvent: {}
[68.503788] (-) TimerEvent: {}
[68.604735] (-) TimerEvent: {}
[68.705396] (-) TimerEvent: {}
[68.806043] (-) TimerEvent: {}
[68.906700] (-) TimerEvent: {}
[69.007476] (-) TimerEvent: {}
[69.108152] (-) TimerEvent: {}
[69.134999] (orbslam2_pointcloud_ros2) StdoutLine: {'line': b'[100%] \x1b[32m\x1b[1mLinking CXX executable rgbd_node\x1b[0m\n'}
[69.208473] (-) TimerEvent: {}
[69.309580] (-) TimerEvent: {}
[69.410415] (-) TimerEvent: {}
[69.511192] (-) TimerEvent: {}
[69.612088] (-) TimerEvent: {}
[69.712796] (-) TimerEvent: {}
[69.813561] (-) TimerEvent: {}
[69.914342] (-) TimerEvent: {}
[70.015133] (-) TimerEvent: {}
[70.115926] (-) TimerEvent: {}
[70.216745] (-) TimerEvent: {}
[70.317592] (-) TimerEvent: {}
[70.323254] (orbslam2_pointcloud_ros2) StderrLine: {'line': b'/usr/bin/ld: warning: libopencv_core.so.3.2, needed by /home/jetson/ws/orb-slam2/code/main/ORBSLAM2_with_pointcloudmap_AstraPro-main/ORBSLAM2_with_pointcloud_map/Thirdparty/DBoW2/lib/libDBoW2.so, may conflict with libopencv_core.so.410\n'}
[70.417789] (-) TimerEvent: {}
[70.518637] (-) TimerEvent: {}
[70.619502] (-) TimerEvent: {}
[70.720353] (-) TimerEvent: {}
[70.821220] (-) TimerEvent: {}
[70.921972] (-) TimerEvent: {}
[71.022641] (-) TimerEvent: {}
[71.123289] (-) TimerEvent: {}
[71.223979] (-) TimerEvent: {}
[71.308434] (orbslam2_pointcloud_ros2) StdoutLine: {'line': b'[100%] Built target rgbd_node\n'}
[71.324312] (-) TimerEvent: {}
[71.345314] (orbslam2_pointcloud_ros2) CommandEnded: {'returncode': 0}
[71.348265] (orbslam2_pointcloud_ros2) JobProgress: {'identifier': 'orbslam2_pointcloud_ros2', 'progress': 'install'}
[71.378528] (orbslam2_pointcloud_ros2) Command: {'cmd': ['/usr/bin/cmake', '--install', '/home/jetson/ws/orb-slam2/code/ros2_orbslam2_pointcloud_map/build/orbslam2_pointcloud_ros2'], 'cwd': '/home/jetson/ws/orb-slam2/code/ros2_orbslam2_pointcloud_map/build/orbslam2_pointcloud_ros2', 'env': OrderedDict([('LESSOPEN', '| /usr/bin/lesspipe %s'), ('CONDA_PROMPT_MODIFIER', ''), ('LANGUAGE', 'en_US:en'), ('USER', 'jetson'), ('LC_TIME', 'en_US.UTF-8'), ('JETSON_MODEL_NAME', 'JETSON_ORIN_NANO'), ('CAMERA_TYPE', 'astraplus'), ('XDG_SESSION_TYPE', 'x11'), ('SHLVL', '2'), ('LD_LIBRARY_PATH', '/home/jetson/yahboomcar_ros2_ws/software/library_ws/install/teb_local_planner/lib:/home/jetson/yahboomcar_ros2_ws/software/library_ws/install/teb_msgs/lib:/home/jetson/yahboomcar_ros2_ws/software/library_ws/install/robot_localization/lib:/home/jetson/yahboomcar_ros2_ws/software/library_ws/install/openslam_gmapping/lib:/home/jetson/yahboomcar_ros2_ws/software/library_ws/install/costmap_converter/lib:/home/jetson/yahboomcar_ros2_ws/software/library_ws/install/costmap_converter_msgs/lib:/home/jetson/yahboomcar_ros2_ws/software/library_ws/install/cartographer_rviz/lib:/home/jetson/yahboomcar_ros2_ws/software/library_ws/install/cartographer_ros/lib:/home/jetson/yahboomcar_ros2_ws/software/library_ws/install/cartographer_ros_msgs/lib:/home/jetson/yahboomcar_ros2_ws/software/library_ws/install/astra_camera/lib:/home/jetson/yahboomcar_ros2_ws/software/library_ws/install/astra_camera_msgs/lib:/home/jetson/yahboomcar_ros2_ws/yahboomcar_ws/install/yahboomcar_msgs/lib:/home/jetson/yahboomcar_ros2_ws/yahboomcar_ws/install/yahboom_web_savmap_interfaces/lib:/opt/ros/humble/opt/rviz_ogre_vendor/lib:/opt/ros/humble/lib/aarch64-linux-gnu:/opt/ros/humble/lib:/usr/local/lib:/usr/local/cuda-12.6/lib64:'), ('HOME', '/home/jetson'), ('CONDA_SHLVL', '0'), ('OLDPWD', '/home/jetson/ws/orb-slam2/code/ros2_orbslam2_pointcloud_map'), ('DESKTOP_SESSION', 'ubuntu'), ('JETSON_L4T', '36.4.3'), ('ROS_PYTHON_VERSION', '3'), ('GNOME_SHELL_SESSION_MODE', 'ubuntu'), ('GTK_MODULES', 'gail:atk-bridge'), ('JETSON_MODEL', 'NVIDIA Jetson Orin Nano Engineering Reference Developer Kit Super'), ('LC_MONETARY', 'en_US.UTF-8'), ('SYSTEMD_EXEC_PID', '2209'), ('DBUS_SESSION_BUS_ADDRESS', 'unix:path=/run/user/1000/bus'), ('COLORTERM', 'truecolor'), ('_CE_M', ''), ('_CONDA_ROOT', '/home/jetson/miniconda3'), ('ROBOT_TYPE', 'x3'), ('IM_CONFIG_PHASE', '1'), ('COLCON_PREFIX_PATH', '/home/jetson/ws/orb-slam2/code/ros2_orbslam2_pointcloud_map/install:/home/jetson/yahboomcar_ros2_ws/yahboomcar_ws/install:/home/jetson/yahboomcar_ros2_ws/software/library_ws/install'), ('ROS_DISTRO', 'humble'), ('GTK_IM_MODULE', 'ibus'), ('LOGNAME', 'jetson'), ('JETSON_MODULE', 'NVIDIA Jetson Orin Nano (8GB ram)'), ('JETSON_SERIAL_NUMBER', '1421725012488'), ('DESKTOP_AUTOSTART_ID', '10cb261b1fcc9e125b178400321861618900000022090016'), ('ORB_SLAM2_ROOT', '/home/jetson/ws/orb-slam2/code/main/ORBSLAM2_with_pointcloudmap_AstraPro-main/ORBSLAM2_with_pointcloud_map/'), ('_', '/usr/bin/colcon'), ('ROS_VERSION', '2'), ('PKG_CONFIG_PATH', '/home/jetson/yahboomcar_ros2_ws/software/library_ws/install/cartographer/lib/aarch64-linux-gnu/pkgconfig:/home/jetson/yahboomcar_ros2_ws/software/library_ws/install/cartographer/lib/pkgconfig'), ('XDG_SESSION_CLASS', 'user'), ('USERNAME', 'jetson'), ('TERM', 'xterm-256color'), ('GNOME_DESKTOP_SESSION_ID', 'this-is-deprecated'), ('_CE_CONDA', ''), ('ROS_LOCALHOST_ONLY', '0'), ('WINDOWPATH', '2'), ('PATH', '/home/jetson/miniconda3/condabin:/home/jetson/yahboomcar_ros2_ws/software/library_ws/install/costmap_converter/bin:/home/jetson/yahboomcar_ros2_ws/software/library_ws/install/cartographer/bin:/opt/ros/humble/bin:/usr/local/cuda-12.6/bin:/home/jetson/.local/bin:/usr/local/sbin:/usr/local/bin:/usr/sbin:/usr/bin:/sbin:/bin:/usr/games:/usr/local/games:/snap/bin:/snap/bin'), ('SESSION_MANAGER', 'local/bladewin:@/tmp/.ICE-unix/2209,unix/bladewin:/tmp/.ICE-unix/2209'), ('PAPERSIZE', 'letter'), ('XDG_MENU_PREFIX', 'gnome-'), ('LC_ADDRESS', 'en_US.UTF-8'), ('GNOME_TERMINAL_SCREEN', '/org/gnome/Terminal/screen/8ff36a06_8092_417d_894f_65604a1c3db6'), ('XDG_RUNTIME_DIR', '/run/user/1000'), ('DISPLAY', ':0'), ('LANG', 'en_US.UTF-8'), ('XDG_CURRENT_DESKTOP', 'ubuntu:GNOME'), ('LC_TELEPHONE', 'en_US.UTF-8'), ('XMODIFIERS', '@im=ibus'), ('XDG_SESSION_DESKTOP', 'ubuntu'), ('XAUTHORITY', '/run/user/1000/gdm/Xauthority'), ('LS_COLORS', 'rs=0:di=01;34:ln=01;36:mh=00:pi=40;33:so=01;35:do=01;35:bd=40;33;01:cd=40;33;01:or=40;31;01:mi=00:su=37;41:sg=30;43:ca=30;41:tw=30;42:ow=34;42:st=37;44:ex=01;32:*.tar=01;31:*.tgz=01;31:*.arc=01;31:*.arj=01;31:*.taz=01;31:*.lha=01;31:*.lz4=01;31:*.lzh=01;31:*.lzma=01;31:*.tlz=01;31:*.txz=01;31:*.tzo=01;31:*.t7z=01;31:*.zip=01;31:*.z=01;31:*.dz=01;31:*.gz=01;31:*.lrz=01;31:*.lz=01;31:*.lzo=01;31:*.xz=01;31:*.zst=01;31:*.tzst=01;31:*.bz2=01;31:*.bz=01;31:*.tbz=01;31:*.tbz2=01;31:*.tz=01;31:*.deb=01;31:*.rpm=01;31:*.jar=01;31:*.war=01;31:*.ear=01;31:*.sar=01;31:*.rar=01;31:*.alz=01;31:*.ace=01;31:*.zoo=01;31:*.cpio=01;31:*.7z=01;31:*.rz=01;31:*.cab=01;31:*.wim=01;31:*.swm=01;31:*.dwm=01;31:*.esd=01;31:*.jpg=01;35:*.jpeg=01;35:*.mjpg=01;35:*.mjpeg=01;35:*.gif=01;35:*.bmp=01;35:*.pbm=01;35:*.pgm=01;35:*.ppm=01;35:*.tga=01;35:*.xbm=01;35:*.xpm=01;35:*.tif=01;35:*.tiff=01;35:*.png=01;35:*.svg=01;35:*.svgz=01;35:*.mng=01;35:*.pcx=01;35:*.mov=01;35:*.mpg=01;35:*.mpeg=01;35:*.m2v=01;35:*.mkv=01;35:*.webm=01;35:*.webp=01;35:*.ogm=01;35:*.mp4=01;35:*.m4v=01;35:*.mp4v=01;35:*.vob=01;35:*.qt=01;35:*.nuv=01;35:*.wmv=01;35:*.asf=01;35:*.rm=01;35:*.rmvb=01;35:*.flc=01;35:*.avi=01;35:*.fli=01;35:*.flv=01;35:*.gl=01;35:*.dl=01;35:*.xcf=01;35:*.xwd=01;35:*.yuv=01;35:*.cgm=01;35:*.emf=01;35:*.ogv=01;35:*.ogx=01;35:*.aac=00;36:*.au=00;36:*.flac=00;36:*.m4a=00;36:*.mid=00;36:*.midi=00;36:*.mka=00;36:*.mp3=00;36:*.mpc=00;36:*.ogg=00;36:*.ra=00;36:*.wav=00;36:*.oga=00;36:*.opus=00;36:*.spx=00;36:*.xspf=00;36:'), ('JETSON_SOC', 'tegra234'), ('GNOME_TERMINAL_SERVICE', ':1.91'), ('SSH_AGENT_LAUNCHER', 'gnome-keyring'), ('SSH_AUTH_SOCK', '/run/user/1000/keyring/ssh'), ('ROS_DOMAIN_ID', '77'), ('AMENT_PREFIX_PATH', '/home/jetson/ws/orb-slam2/code/ros2_orbslam2_pointcloud_map/install/orbslam2_pointcloud_ros2:/home/jetson/yahboomcar_ros2_ws/software/library_ws/install/ydlidar_ros2_driver:/home/jetson/yahboomcar_ros2_ws/software/library_ws/install/web_video_server:/home/jetson/yahboomcar_ros2_ws/software/library_ws/install/teb_local_planner:/home/jetson/yahboomcar_ros2_ws/software/library_ws/install/teb_msgs:/home/jetson/yahboomcar_ros2_ws/software/library_ws/install/sllidar_ros2:/home/jetson/yahboomcar_ros2_ws/software/library_ws/install/slam_gmapping:/home/jetson/yahboomcar_ros2_ws/software/library_ws/install/robot_localization:/home/jetson/yahboomcar_ros2_ws/software/library_ws/install/openslam_gmapping:/home/jetson/yahboomcar_ros2_ws/software/library_ws/install/costmap_converter:/home/jetson/yahboomcar_ros2_ws/software/library_ws/install/costmap_converter_msgs:/home/jetson/yahboomcar_ros2_ws/software/library_ws/install/cartographer_rviz:/home/jetson/yahboomcar_ros2_ws/software/library_ws/install/cartographer_ros:/home/jetson/yahboomcar_ros2_ws/software/library_ws/install/cartographer_ros_msgs:/home/jetson/yahboomcar_ros2_ws/software/library_ws/install/astra_camera:/home/jetson/yahboomcar_ros2_ws/software/library_ws/install/astra_camera_msgs:/home/jetson/yahboomcar_ros2_ws/yahboomcar_ws/install/yahboomcar_voice_ctrl:/home/jetson/yahboomcar_ros2_ws/yahboomcar_ws/install/yahboomcar_visual:/home/jetson/yahboomcar_ros2_ws/yahboomcar_ws/install/yahboomcar_slam:/home/jetson/yahboomcar_ros2_ws/yahboomcar_ws/install/yahboomcar_rviz:/home/jetson/yahboomcar_ros2_ws/yahboomcar_ws/install/yahboomcar_point:/home/jetson/yahboomcar_ros2_ws/yahboomcar_ws/install/yahboomcar_nav:/home/jetson/yahboomcar_ros2_ws/yahboomcar_ws/install/yahboomcar_multi:/home/jetson/yahboomcar_ros2_ws/yahboomcar_ws/install/yahboomcar_msgs:/home/jetson/yahboomcar_ros2_ws/yahboomcar_ws/install/yahboomcar_mediapipe:/home/jetson/yahboomcar_ros2_ws/yahboomcar_ws/install/yahboomcar_linefollow:/home/jetson/yahboomcar_ros2_ws/yahboomcar_ws/install/yahboomcar_laser:/home/jetson/yahboomcar_ros2_ws/yahboomcar_ws/install/yahboomcar_description_x1:/home/jetson/yahboomcar_ros2_ws/yahboomcar_ws/install/yahboomcar_description:/home/jetson/yahboomcar_ros2_ws/yahboomcar_ws/install/yahboomcar_ctrl:/home/jetson/yahboomcar_ros2_ws/yahboomcar_ws/install/yahboomcar_bringup:/home/jetson/yahboomcar_ros2_ws/yahboomcar_ws/install/yahboomcar_base_node:/home/jetson/yahboomcar_ros2_ws/yahboomcar_ws/install/yahboomcar_astra:/home/jetson/yahboomcar_ros2_ws/yahboomcar_ws/install/yahboomcar_KCFTracker:/home/jetson/yahboomcar_ros2_ws/yahboomcar_ws/install/yahboom_web_savmap_interfaces:/home/jetson/yahboomcar_ros2_ws/yahboomcar_ws/install/yahboom_app_save_map:/home/jetson/yahboomcar_ros2_ws/yahboomcar_ws/install/robot_pose_publisher_ros2:/home/jetson/yahboomcar_ros2_ws/yahboomcar_ws/install/laserscan_to_point_pulisher:/opt/ros/humble'), ('CONDA_PYTHON_EXE', '/home/jetson/miniconda3/bin/python'), ('SHELL', '/bin/bash'), ('LC_NAME', 'en_US.UTF-8'), ('QT_ACCESSIBILITY', '1'), ('GDMSESSION', 'ubuntu'), ('LESSCLOSE', '/usr/bin/lesspipe %s %s'), ('CONDA_DEFAULT_ENV', ''), ('LC_MEASUREMENT', 'en_US.UTF-8'), ('GPG_AGENT_INFO', '/run/user/1000/gnupg/S.gpg-agent:0:1'), ('_CONDA_EXE', '/home/jetson/miniconda3/bin/conda'), ('LC_IDENTIFICATION', 'en_US.UTF-8'), ('QT_IM_MODULE', 'ibus'), ('RPLIDAR_TYPE', 'a1'), ('JETSON_CUDA_ARCH_BIN', '8.7'), ('PWD', '/home/jetson/ws/orb-slam2/code/ros2_orbslam2_pointcloud_map/build/orbslam2_pointcloud_ros2'), ('XDG_CONFIG_DIRS', '/etc/xdg/xdg-ubuntu:/etc/xdg'), ('CONDA_EXE', '/home/jetson/miniconda3/bin/conda'), ('XDG_DATA_DIRS', '/usr/share/ubuntu:/usr/share/gnome:/usr/local/share/:/usr/share/:/var/lib/snapd/desktop'), ('PYTHONPATH', '/home/jetson/yahboomcar_ros2_ws/software/library_ws/install/teb_msgs/local/lib/python3.10/dist-packages:/home/jetson/yahboomcar_ros2_ws/software/library_ws/install/robot_localization/local/lib/python3.10/dist-packages:/home/jetson/yahboomcar_ros2_ws/software/library_ws/install/costmap_converter_msgs/local/lib/python3.10/dist-packages:/home/jetson/yahboomcar_ros2_ws/software/library_ws/install/cartographer_ros_msgs/local/lib/python3.10/dist-packages:/home/jetson/yahboomcar_ros2_ws/software/library_ws/install/astra_camera_msgs/local/lib/python3.10/dist-packages:/home/jetson/yahboomcar_ros2_ws/yahboomcar_ws/install/yahboomcar_voice_ctrl/lib/python3.10/site-packages:/home/jetson/yahboomcar_ros2_ws/yahboomcar_ws/install/yahboomcar_visual/lib/python3.10/site-packages:/home/jetson/yahboomcar_ros2_ws/yahboomcar_ws/install/yahboomcar_rviz/lib/python3.10/site-packages:/home/jetson/yahboomcar_ros2_ws/yahboomcar_ws/install/yahboomcar_nav/lib/python3.10/site-packages:/home/jetson/yahboomcar_ros2_ws/yahboomcar_ws/install/yahboomcar_multi/lib/python3.10/site-packages:/home/jetson/yahboomcar_ros2_ws/yahboomcar_ws/install/yahboomcar_msgs/local/lib/python3.10/dist-packages:/home/jetson/yahboomcar_ros2_ws/yahboomcar_ws/install/yahboomcar_mediapipe/lib/python3.10/site-packages:/home/jetson/yahboomcar_ros2_ws/yahboomcar_ws/install/yahboomcar_linefollow/lib/python3.10/site-packages:/home/jetson/yahboomcar_ros2_ws/yahboomcar_ws/install/yahboomcar_laser/lib/python3.10/site-packages:/home/jetson/yahboomcar_ros2_ws/yahboomcar_ws/install/yahboomcar_description_x1/lib/python3.10/site-packages:/home/jetson/yahboomcar_ros2_ws/yahboomcar_ws/install/yahboomcar_description/lib/python3.10/site-packages:/home/jetson/yahboomcar_ros2_ws/yahboomcar_ws/install/yahboomcar_ctrl/lib/python3.10/site-packages:/home/jetson/yahboomcar_ros2_ws/yahboomcar_ws/install/yahboomcar_bringup/lib/python3.10/site-packages:/home/jetson/yahboomcar_ros2_ws/yahboomcar_ws/install/yahboomcar_astra/lib/python3.10/site-packages:/home/jetson/yahboomcar_ros2_ws/yahboomcar_ws/install/yahboom_web_savmap_interfaces/local/lib/python3.10/dist-packages:/home/jetson/yahboomcar_ros2_ws/yahboomcar_ws/install/yahboom_app_save_map/lib/python3.10/site-packages:/home/jetson/yahboomcar_ros2_ws/yahboomcar_ws/install/laserscan_to_point_pulisher/lib/python3.10/site-packages:/opt/ros/humble/lib/python3.10/site-packages:/opt/ros/humble/local/lib/python3.10/dist-packages:/usr/local/lib/python3.10/site-packages/:'), ('LC_NUMERIC', 'en_US.UTF-8'), ('CONDA_PREFIX', ''), ('LC_PAPER', 'en_US.UTF-8'), ('COLCON', '1'), ('VTE_VERSION', '6800'), ('JETSON_JETPACK', '6.2'), ('CMAKE_PREFIX_PATH', '/home/jetson/ws/orb-slam2/code/ros2_orbslam2_pointcloud_map/install/orbslam2_pointcloud_ros2:/home/jetson/yahboomcar_ros2_ws/software/library_ws/install/ydlidar_ros2_driver:/home/jetson/yahboomcar_ros2_ws/software/library_ws/install/web_video_server:/home/jetson/yahboomcar_ros2_ws/software/library_ws/install/teb_local_planner:/home/jetson/yahboomcar_ros2_ws/software/library_ws/install/teb_msgs:/home/jetson/yahboomcar_ros2_ws/software/library_ws/install/sllidar_ros2:/home/jetson/yahboomcar_ros2_ws/software/library_ws/install/slam_gmapping:/home/jetson/yahboomcar_ros2_ws/software/library_ws/install/robot_localization:/home/jetson/yahboomcar_ros2_ws/software/library_ws/install/openslam_gmapping:/home/jetson/yahboomcar_ros2_ws/software/library_ws/install/costmap_converter:/home/jetson/yahboomcar_ros2_ws/software/library_ws/install/costmap_converter_msgs:/home/jetson/yahboomcar_ros2_ws/software/library_ws/install/cartographer_rviz:/home/jetson/yahboomcar_ros2_ws/software/library_ws/install/cartographer_ros:/home/jetson/yahboomcar_ros2_ws/software/library_ws/install/cartographer_ros_msgs:/home/jetson/yahboomcar_ros2_ws/software/library_ws/install/cartographer:/home/jetson/yahboomcar_ros2_ws/software/library_ws/install/astra_camera:/home/jetson/yahboomcar_ros2_ws/software/library_ws/install/astra_camera_msgs:/home/jetson/yahboomcar_ros2_ws/yahboomcar_ws/install/yahboomcar_slam:/home/jetson/yahboomcar_ros2_ws/yahboomcar_ws/install/yahboomcar_point:/home/jetson/yahboomcar_ros2_ws/yahboomcar_ws/install/yahboomcar_msgs:/home/jetson/yahboomcar_ros2_ws/yahboomcar_ws/install/yahboomcar_base_node:/home/jetson/yahboomcar_ros2_ws/yahboomcar_ws/install/yahboomcar_KCFTracker:/home/jetson/yahboomcar_ros2_ws/yahboomcar_ws/install/yahboom_web_savmap_interfaces:/home/jetson/yahboomcar_ros2_ws/yahboomcar_ws/install/robot_pose_publisher_ros2:/home/jetson/yahboomcar_ros2_ws/yahboomcar_ws/install/yahboomcar_voice_ctrl:/home/jetson/yahboomcar_ros2_ws/yahboomcar_ws/install/yahboomcar_visual:/home/jetson/yahboomcar_ros2_ws/yahboomcar_ws/install/yahboomcar_rviz:/home/jetson/yahboomcar_ros2_ws/yahboomcar_ws/install/yahboomcar_nav:/home/jetson/yahboomcar_ros2_ws/yahboomcar_ws/install/yahboomcar_multi:/home/jetson/yahboomcar_ros2_ws/yahboomcar_ws/install/yahboomcar_mediapipe:/home/jetson/yahboomcar_ros2_ws/yahboomcar_ws/install/yahboomcar_linefollow:/home/jetson/yahboomcar_ros2_ws/yahboomcar_ws/install/yahboomcar_laser:/home/jetson/yahboomcar_ros2_ws/yahboomcar_ws/install/yahboomcar_description_x1:/home/jetson/yahboomcar_ros2_ws/yahboomcar_ws/install/yahboomcar_description:/home/jetson/yahboomcar_ros2_ws/yahboomcar_ws/install/yahboomcar_ctrl:/home/jetson/yahboomcar_ros2_ws/yahboomcar_ws/install/yahboomcar_bringup:/home/jetson/yahboomcar_ros2_ws/yahboomcar_ws/install/yahboomcar_astra:/home/jetson/yahboomcar_ros2_ws/yahboomcar_ws/install/yahboom_app_save_map:/home/jetson/yahboomcar_ros2_ws/yahboomcar_ws/install/laserscan_to_point_pulisher:/opt/ros/humble'), ('JETSON_P_NUMBER', 'p3767-0003')]), 'shell': False}
[71.406251] (orbslam2_pointcloud_ros2) StdoutLine: {'line': b'-- Install configuration: "Release"\n'}
[71.407167] (orbslam2_pointcloud_ros2) StdoutLine: {'line': b'-- Execute custom install script\n'}
[71.408103] (orbslam2_pointcloud_ros2) StdoutLine: {'line': b'-- Symlinking: /home/jetson/ws/orb-slam2/code/ros2_orbslam2_pointcloud_map/install/orbslam2_pointcloud_ros2/lib/orbslam2_pointcloud_ros2/rgbd_node\n'}
[71.424670] (-) TimerEvent: {}
[71.439052] (orbslam2_pointcloud_ros2) StdoutLine: {'line': b'-- Symlinking: /home/jetson/ws/orb-slam2/code/ros2_orbslam2_pointcloud_map/install/orbslam2_pointcloud_ros2/lib/orbslam2_pointcloud_ros2/orbbec_aligned_rgbd_publisher.py\n'}
[71.460568] (orbslam2_pointcloud_ros2) StdoutLine: {'line': b'-- Symlinking: /home/jetson/ws/orb-slam2/code/ros2_orbslam2_pointcloud_map/install/orbslam2_pointcloud_ros2/share/orbslam2_pointcloud_ros2/config/femto_mega.yaml\n'}
[71.481882] (orbslam2_pointcloud_ros2) StdoutLine: {'line': b'-- Symlinking: /home/jetson/ws/orb-slam2/code/ros2_orbslam2_pointcloud_map/install/orbslam2_pointcloud_ros2/share/orbslam2_pointcloud_ros2/config/femto_mega_aligned.yaml\n'}
[71.502897] (orbslam2_pointcloud_ros2) StdoutLine: {'line': b'-- Symlinking: /home/jetson/ws/orb-slam2/code/ros2_orbslam2_pointcloud_map/install/orbslam2_pointcloud_ros2/share/orbslam2_pointcloud_ros2/launch/femto_mega_camera_and_slam.launch.py\n'}
[71.522591] (orbslam2_pointcloud_ros2) StdoutLine: {'line': b'-- Symlinking: /home/jetson/ws/orb-slam2/code/ros2_orbslam2_pointcloud_map/install/orbslam2_pointcloud_ros2/share/orbslam2_pointcloud_ros2/launch/orbbec_aligned_rgbd_publisher.launch.py\n'}
[71.524635] (-) TimerEvent: {}
[71.542388] (orbslam2_pointcloud_ros2) StdoutLine: {'line': b'-- Symlinking: /home/jetson/ws/orb-slam2/code/ros2_orbslam2_pointcloud_map/install/orbslam2_pointcloud_ros2/share/orbslam2_pointcloud_ros2/launch/rgbd_femto_mega.launch.py\n'}
[71.565844] (orbslam2_pointcloud_ros2) StdoutLine: {'line': b'-- Symlinking: /home/jetson/ws/orb-slam2/code/ros2_orbslam2_pointcloud_map/install/orbslam2_pointcloud_ros2/share/ament_index/resource_index/package_run_dependencies/orbslam2_pointcloud_ros2\n'}
[71.587155] (orbslam2_pointcloud_ros2) StdoutLine: {'line': b'-- Symlinking: /home/jetson/ws/orb-slam2/code/ros2_orbslam2_pointcloud_map/install/orbslam2_pointcloud_ros2/share/ament_index/resource_index/parent_prefix_path/orbslam2_pointcloud_ros2\n'}
[71.607759] (orbslam2_pointcloud_ros2) StdoutLine: {'line': b'-- Symlinking: /home/jetson/ws/orb-slam2/code/ros2_orbslam2_pointcloud_map/install/orbslam2_pointcloud_ros2/share/orbslam2_pointcloud_ros2/environment/ament_prefix_path.sh\n'}
[71.624818] (-) TimerEvent: {}
[71.629334] (orbslam2_pointcloud_ros2) StdoutLine: {'line': b'-- Symlinking: /home/jetson/ws/orb-slam2/code/ros2_orbslam2_pointcloud_map/install/orbslam2_pointcloud_ros2/share/orbslam2_pointcloud_ros2/environment/ament_prefix_path.dsv\n'}
[71.650062] (orbslam2_pointcloud_ros2) StdoutLine: {'line': b'-- Symlinking: /home/jetson/ws/orb-slam2/code/ros2_orbslam2_pointcloud_map/install/orbslam2_pointcloud_ros2/share/orbslam2_pointcloud_ros2/environment/path.sh\n'}
[71.677507] (orbslam2_pointcloud_ros2) StdoutLine: {'line': b'-- Symlinking: /home/jetson/ws/orb-slam2/code/ros2_orbslam2_pointcloud_map/install/orbslam2_pointcloud_ros2/share/orbslam2_pointcloud_ros2/environment/path.dsv\n'}
[71.699376] (orbslam2_pointcloud_ros2) StdoutLine: {'line': b'-- Symlinking: /home/jetson/ws/orb-slam2/code/ros2_orbslam2_pointcloud_map/install/orbslam2_pointcloud_ros2/share/orbslam2_pointcloud_ros2/local_setup.bash\n'}
[71.720097] (orbslam2_pointcloud_ros2) StdoutLine: {'line': b'-- Symlinking: /home/jetson/ws/orb-slam2/code/ros2_orbslam2_pointcloud_map/install/orbslam2_pointcloud_ros2/share/orbslam2_pointcloud_ros2/local_setup.sh\n'}
[71.724967] (-) TimerEvent: {}
[71.743978] (orbslam2_pointcloud_ros2) StdoutLine: {'line': b'-- Symlinking: /home/jetson/ws/orb-slam2/code/ros2_orbslam2_pointcloud_map/install/orbslam2_pointcloud_ros2/share/orbslam2_pointcloud_ros2/local_setup.zsh\n'}
[71.765262] (orbslam2_pointcloud_ros2) StdoutLine: {'line': b'-- Symlinking: /home/jetson/ws/orb-slam2/code/ros2_orbslam2_pointcloud_map/install/orbslam2_pointcloud_ros2/share/orbslam2_pointcloud_ros2/local_setup.dsv\n'}
[71.792260] (orbslam2_pointcloud_ros2) StdoutLine: {'line': b'-- Symlinking: /home/jetson/ws/orb-slam2/code/ros2_orbslam2_pointcloud_map/install/orbslam2_pointcloud_ros2/share/orbslam2_pointcloud_ros2/package.dsv\n'}
[71.823443] (orbslam2_pointcloud_ros2) StdoutLine: {'line': b'-- Symlinking: /home/jetson/ws/orb-slam2/code/ros2_orbslam2_pointcloud_map/install/orbslam2_pointcloud_ros2/share/ament_index/resource_index/packages/orbslam2_pointcloud_ros2\n'}
[71.825042] (-) TimerEvent: {}
[71.847596] (orbslam2_pointcloud_ros2) StdoutLine: {'line': b'-- Symlinking: /home/jetson/ws/orb-slam2/code/ros2_orbslam2_pointcloud_map/install/orbslam2_pointcloud_ros2/share/orbslam2_pointcloud_ros2/cmake/orbslam2_pointcloud_ros2Config.cmake\n'}
[71.872389] (orbslam2_pointcloud_ros2) StdoutLine: {'line': b'-- Symlinking: /home/jetson/ws/orb-slam2/code/ros2_orbslam2_pointcloud_map/install/orbslam2_pointcloud_ros2/share/orbslam2_pointcloud_ros2/cmake/orbslam2_pointcloud_ros2Config-version.cmake\n'}
[71.894056] (orbslam2_pointcloud_ros2) StdoutLine: {'line': b'-- Symlinking: /home/jetson/ws/orb-slam2/code/ros2_orbslam2_pointcloud_map/install/orbslam2_pointcloud_ros2/share/orbslam2_pointcloud_ros2/package.xml\n'}
[71.919618] (orbslam2_pointcloud_ros2) CommandEnded: {'returncode': 0}
[71.925411] (-) TimerEvent: {}
[71.977992] (orbslam2_pointcloud_ros2) JobEnded: {'identifier': 'orbslam2_pointcloud_ros2', 'rc': 0}
[71.983372] (-) EventReactorShutdown: {}
